20230331
id,firstname,lastname,email,email2,profession
100,Mureil,Joeann,Mureil.Joeann@yopmail.com,Mureil.Joeann@gmail.com,firefighter
101,Celestyna,Rheingold,Celestyna.Rheingold@yopmail.com,Celestyna.Rheingold@gmail.com,police officer
102,Allis,Brandice,Allis.Brandice@yopmail.com,Allis.Brandice@gmail.com,worker
103,Quintina,Charmine,Quintina.Charmine@yopmail.com,Quintina.Charmine@gmail.com,developer
104,Isa,Vale,Isa.Vale@yopmail.com,Isa.Vale@gmail.com,police officer
105,Ottilie,Zitvaa,Ottilie.Zitvaa@yopmail.com,Ottilie.Zitvaa@gmail.com,police officer
106,Teriann,Gualtiero,Teriann.Gualtiero@yopmail.com,Teriann.Gualtiero@gmail.com,doctor
107,Aurelie,Cyrie,Aurelie.Cyrie@yopmail.com,Aurelie.Cyrie@gmail.com,developer
108,Amelia,Hutchison,Amelia.Hutchison@yopmail.com,Amelia.Hutchison@gmail.com,firefighter
109,Estell,O'Carroll,Estell.O'Carroll@yopmail.com,Estell.O'Carroll@gmail.com,doctor
110,Penelopa,Candy,Penelopa.Candy@yopmail.com,Penelopa.Candy@gmail.com,worker
111,Joceline,Hutchison,Joceline.Hutchison@yopmail.com,Joceline.Hutchison@gmail.com,developer
112,Margarette,Posner,Margarette.Posner@yopmail.com,Margarette.Posner@gmail.com,police officer
113,Roxane,Bobbee,Roxane.Bobbee@yopmail.com,Roxane.Bobbee@gmail.com,doctor
114,Rosanne,Wenda,Rosanne.Wenda@yopmail.com,Rosanne.Wenda@gmail.com,developer
115,Nita,Seligman,Nita.Seligman@yopmail.com,Nita.Seligman@gmail.com,developer
116,Valli,Japeth,Valli.Japeth@yopmail.com,Valli.Japeth@gmail.com,doctor
117,Latisha,Raffo,Latisha.Raffo@yopmail.com,Latisha.Raffo@gmail.com,police officer
118,Jessy,Standing,Jessy.Standing@yopmail.com,Jessy.Standing@gmail.com,developer
119,Ebonee,Velick,Ebonee.Velick@yopmail.com,Ebonee.Velick@gmail.com,developer
120,Gui,Remmer,Gui.Remmer@yopmail.com,Gui.Remmer@gmail.com,firefighter
121,Sallie,Holbrook,Sallie.Holbrook@yopmail.com,Sallie.Holbrook@gmail.com,police officer
122,Cherilyn,Jefferey,Cherilyn.Jefferey@yopmail.com,Cherilyn.Jefferey@gmail.com,firefighter
123,Giustina,Waite,Giustina.Waite@yopmail.com,Giustina.Waite@gmail.com,worker
124,Amelia,Torray,Amelia.Torray@yopmail.com,Amelia.Torray@gmail.com,worker
125,Tobe,Iiette,Tobe.Iiette@yopmail.com,Tobe.Iiette@gmail.com,developer
126,Melisent,Cath,Melisent.Cath@yopmail.com,Melisent.Cath@gmail.com,developer
127,Clary,Irmine,Clary.Irmine@yopmail.com,Clary.Irmine@gmail.com,doctor
128,Edyth,Allare,Edyth.Allare@yopmail.com,Edyth.Allare@gmail.com,firefighter
129,Emmey,Girardo,Emmey.Girardo@yopmail.com,Emmey.Girardo@gmail.com,police officer
130,Constance,Bonucci,Constance.Bonucci@yopmail.com,Constance.Bonucci@gmail.com,police officer
131,Dale,Eckblad,Dale.Eckblad@yopmail.com,Dale.Eckblad@gmail.com,firefighter
132,Olwen,Pillsbury,Olwen.Pillsbury@yopmail.com,Olwen.Pillsbury@gmail.com,firefighter
133,Deedee,Fancie,Deedee.Fancie@yopmail.com,Deedee.Fancie@gmail.com,police officer
134,Gilligan,Lunsford,Gilligan.Lunsford@yopmail.com,Gilligan.Lunsford@gmail.com,firefighter
135,Livvyy,Henrie,Livvyy.Henrie@yopmail.com,Livvyy.Henrie@gmail.com,developer
136,Emmey,Atonsah,Emmey.Atonsah@yopmail.com,Emmey.Atonsah@gmail.com,developer
137,Merci,Presber,Merci.Presber@yopmail.com,Merci.Presber@gmail.com,doctor
138,Jinny,Kiersten,Jinny.Kiersten@yopmail.com,Jinny.Kiersten@gmail.com,police officer
139,Sindee,Cyrie,Sindee.Cyrie@yopmail.com,Sindee.Cyrie@gmail.com,doctor
140,Gilda,Anestassia,Gilda.Anestassia@yopmail.com,Gilda.Anestassia@gmail.com,firefighter
141,Sallie,Aida,Sallie.Aida@yopmail.com,Sallie.Aida@gmail.com,worker
142,Moyna,Eachern,Moyna.Eachern@yopmail.com,Moyna.Eachern@gmail.com,developer
143,Jaime,Nore,Jaime.Nore@yopmail.com,Jaime.Nore@gmail.com,doctor
144,Melisent,Pearse,Melisent.Pearse@yopmail.com,Melisent.Pearse@gmail.com,firefighter
145,Konstance,Tristram,Konstance.Tristram@yopmail.com,Konstance.Tristram@gmail.com,police officer
146,Roslyn,Leary,Roslyn.Leary@yopmail.com,Roslyn.Leary@gmail.com,worker
147,Hallie,Bury,Hallie.Bury@yopmail.com,Hallie.Bury@gmail.com,police officer
148,Mildrid,Myrilla,Mildrid.Myrilla@yopmail.com,Mildrid.Myrilla@gmail.com,worker
149,Valera,Suk,Valera.Suk@yopmail.com,Valera.Suk@gmail.com,developer
150,Konstance,Saree,Konstance.Saree@yopmail.com,Konstance.Saree@gmail.com,doctor
151,Aubrie,Anderea,Aubrie.Anderea@yopmail.com,Aubrie.Anderea@gmail.com,worker
152,Penelopa,Kazimir,Penelopa.Kazimir@yopmail.com,Penelopa.Kazimir@gmail.com,firefighter
153,Wilma,Ricki,Wilma.Ricki@yopmail.com,Wilma.Ricki@gmail.com,police officer
154,Ardeen,Cynar,Ardeen.Cynar@yopmail.com,Ardeen.Cynar@gmail.com,firefighter
155,Ellette,Yam,Ellette.Yam@yopmail.com,Ellette.Yam@gmail.com,developer
156,Marnia,Bebe,Marnia.Bebe@yopmail.com,Marnia.Bebe@gmail.com,developer
157,Elka,Nerita,Elka.Nerita@yopmail.com,Elka.Nerita@gmail.com,firefighter
158,Kara-Lynn,Alisia,Kara-Lynn.Alisia@yopmail.com,Kara-Lynn.Alisia@gmail.com,firefighter
159,Molli,Stacy,Molli.Stacy@yopmail.com,Molli.Stacy@gmail.com,doctor
160,Karlee,Concha,Karlee.Concha@yopmail.com,Karlee.Concha@gmail.com,doctor
161,Annaliese,Koziara,Annaliese.Koziara@yopmail.com,Annaliese.Koziara@gmail.com,police officer
162,Gilda,Dom,Gilda.Dom@yopmail.com,Gilda.Dom@gmail.com,developer
163,Roz,Norvol,Roz.Norvol@yopmail.com,Roz.Norvol@gmail.com,developer
164,Emylee,Salchunas,Emylee.Salchunas@yopmail.com,Emylee.Salchunas@gmail.com,doctor
165,Valeda,Standing,Valeda.Standing@yopmail.com,Valeda.Standing@gmail.com,police officer
166,Ellette,Tippets,Ellette.Tippets@yopmail.com,Ellette.Tippets@gmail.com,firefighter
167,Rhea,Nicoline,Rhea.Nicoline@yopmail.com,Rhea.Nicoline@gmail.com,doctor
168,Arlina,Buffum,Arlina.Buffum@yopmail.com,Arlina.Buffum@gmail.com,doctor
169,Cissiee,Evvie,Cissiee.Evvie@yopmail.com,Cissiee.Evvie@gmail.com,developer
170,Jemie,Michella,Jemie.Michella@yopmail.com,Jemie.Michella@gmail.com,worker
171,Anthia,Edmund,Anthia.Edmund@yopmail.com,Anthia.Edmund@gmail.com,developer
172,Neila,Schlosser,Neila.Schlosser@yopmail.com,Neila.Schlosser@gmail.com,firefighter
173,Tori,Letsou,Tori.Letsou@yopmail.com,Tori.Letsou@gmail.com,doctor
174,Loree,Reneta,Loree.Reneta@yopmail.com,Loree.Reneta@gmail.com,police officer
175,Barbara,Telfer,Barbara.Telfer@yopmail.com,Barbara.Telfer@gmail.com,developer
176,Maurene,Diogenes,Maurene.Diogenes@yopmail.com,Maurene.Diogenes@gmail.com,police officer
177,Aeriela,Dawkins,Aeriela.Dawkins@yopmail.com,Aeriela.Dawkins@gmail.com,developer
178,Gabi,Stacy,Gabi.Stacy@yopmail.com,Gabi.Stacy@gmail.com,worker
179,Elsie,Brenn,Elsie.Brenn@yopmail.com,Elsie.Brenn@gmail.com,developer
180,Alyda,Vins,Alyda.Vins@yopmail.com,Alyda.Vins@gmail.com,police officer
181,Joeann,Cimbura,Joeann.Cimbura@yopmail.com,Joeann.Cimbura@gmail.com,police officer
182,Lila,Denis,Lila.Denis@yopmail.com,Lila.Denis@gmail.com,doctor
183,Libbie,Zaslow,Libbie.Zaslow@yopmail.com,Libbie.Zaslow@gmail.com,doctor
184,Ardenia,Capello,Ardenia.Capello@yopmail.com,Ardenia.Capello@gmail.com,police officer
185,Morganica,Euridice,Morganica.Euridice@yopmail.com,Morganica.Euridice@gmail.com,police officer
186,Nerta,Raffo,Nerta.Raffo@yopmail.com,Nerta.Raffo@gmail.com,developer
187,Madeleine,Roscoe,Madeleine.Roscoe@yopmail.com,Madeleine.Roscoe@gmail.com,doctor
188,Chloris,Westphal,Chloris.Westphal@yopmail.com,Chloris.Westphal@gmail.com,doctor
189,Codie,Mozelle,Codie.Mozelle@yopmail.com,Codie.Mozelle@gmail.com,police officer
190,Carree,Trey,Carree.Trey@yopmail.com,Carree.Trey@gmail.com,police officer
191,Konstance,Brackely,Konstance.Brackely@yopmail.com,Konstance.Brackely@gmail.com,police officer
192,Gabriellia,Read,Gabriellia.Read@yopmail.com,Gabriellia.Read@gmail.com,police officer
193,Amii,Klemperer,Amii.Klemperer@yopmail.com,Amii.Klemperer@gmail.com,worker
194,Melodie,Brian,Melodie.Brian@yopmail.com,Melodie.Brian@gmail.com,worker
195,Brana,Seumas,Brana.Seumas@yopmail.com,Brana.Seumas@gmail.com,firefighter
196,Dagmar,Hepsibah,Dagmar.Hepsibah@yopmail.com,Dagmar.Hepsibah@gmail.com,police officer
197,Zia,Mendez,Zia.Mendez@yopmail.com,Zia.Mendez@gmail.com,worker
198,Odessa,Giule,Odessa.Giule@yopmail.com,Odessa.Giule@gmail.com,doctor
199,Marcy,Fancie,Marcy.Fancie@yopmail.com,Marcy.Fancie@gmail.com,firefighter
200,Rosaline,Bow,Rosaline.Bow@yopmail.com,Rosaline.Bow@gmail.com,firefighter
201,Bettine,LaRue,Bettine.LaRue@yopmail.com,Bettine.LaRue@gmail.com,doctor
202,Jean,Phaidra,Jean.Phaidra@yopmail.com,Jean.Phaidra@gmail.com,firefighter
203,Gerrie,Yorick,Gerrie.Yorick@yopmail.com,Gerrie.Yorick@gmail.com,developer
204,Melisent,Johanna,Melisent.Johanna@yopmail.com,Melisent.Johanna@gmail.com,doctor
205,Sindee,Cleavland,Sindee.Cleavland@yopmail.com,Sindee.Cleavland@gmail.com,worker
206,Renie,Wyn,Renie.Wyn@yopmail.com,Renie.Wyn@gmail.com,firefighter
207,Meriel,Riordan,Meriel.Riordan@yopmail.com,Meriel.Riordan@gmail.com,police officer
208,Lucille,Sacken,Lucille.Sacken@yopmail.com,Lucille.Sacken@gmail.com,firefighter
209,Emilia,Arquit,Emilia.Arquit@yopmail.com,Emilia.Arquit@gmail.com,doctor
210,Kittie,Ezar,Kittie.Ezar@yopmail.com,Kittie.Ezar@gmail.com,worker
211,Shauna,Toffic,Shauna.Toffic@yopmail.com,Shauna.Toffic@gmail.com,worker
212,Kathy,Sacken,Kathy.Sacken@yopmail.com,Kathy.Sacken@gmail.com,police officer
213,Sarette,Lynn,Sarette.Lynn@yopmail.com,Sarette.Lynn@gmail.com,doctor
214,Gaylene,Rosette,Gaylene.Rosette@yopmail.com,Gaylene.Rosette@gmail.com,doctor
215,Fanchon,Audly,Fanchon.Audly@yopmail.com,Fanchon.Audly@gmail.com,worker
216,Mellicent,Destinee,Mellicent.Destinee@yopmail.com,Mellicent.Destinee@gmail.com,doctor
217,Tani,Joseph,Tani.Joseph@yopmail.com,Tani.Joseph@gmail.com,developer
218,Shirlee,Cherianne,Shirlee.Cherianne@yopmail.com,Shirlee.Cherianne@gmail.com,police officer
219,Maryellen,Klotz,Maryellen.Klotz@yopmail.com,Maryellen.Klotz@gmail.com,worker
220,Estell,Gert,Estell.Gert@yopmail.com,Estell.Gert@gmail.com,developer
221,Alyda,Gaynor,Alyda.Gaynor@yopmail.com,Alyda.Gaynor@gmail.com,doctor
222,Elfreda,Linehan,Elfreda.Linehan@yopmail.com,Elfreda.Linehan@gmail.com,doctor
223,Addia,Brady,Addia.Brady@yopmail.com,Addia.Brady@gmail.com,police officer
224,Joelly,Alva,Joelly.Alva@yopmail.com,Joelly.Alva@gmail.com,firefighter
225,Lexine,Anastatius,Lexine.Anastatius@yopmail.com,Lexine.Anastatius@gmail.com,developer
226,Nerta,Halla,Nerta.Halla@yopmail.com,Nerta.Halla@gmail.com,doctor
227,Josephine,Matthew,Josephine.Matthew@yopmail.com,Josephine.Matthew@gmail.com,firefighter
228,Marguerite,Secrest,Marguerite.Secrest@yopmail.com,Marguerite.Secrest@gmail.com,police officer
229,Elmira,Niccolo,Elmira.Niccolo@yopmail.com,Elmira.Niccolo@gmail.com,firefighter
230,Orelia,Malanie,Orelia.Malanie@yopmail.com,Orelia.Malanie@gmail.com,worker
231,Priscilla,Devlen,Priscilla.Devlen@yopmail.com,Priscilla.Devlen@gmail.com,developer
232,Edith,Colleen,Edith.Colleen@yopmail.com,Edith.Colleen@gmail.com,worker
233,Dode,Wiener,Dode.Wiener@yopmail.com,Dode.Wiener@gmail.com,doctor
234,Beth,Judye,Beth.Judye@yopmail.com,Beth.Judye@gmail.com,doctor
235,Sashenka,Gaal,Sashenka.Gaal@yopmail.com,Sashenka.Gaal@gmail.com,police officer
236,Caritta,Frodi,Caritta.Frodi@yopmail.com,Caritta.Frodi@gmail.com,developer
237,Jorry,Aurelio,Jorry.Aurelio@yopmail.com,Jorry.Aurelio@gmail.com,firefighter
238,Delilah,Ariella,Delilah.Ariella@yopmail.com,Delilah.Ariella@gmail.com,police officer
239,Marinna,Girardo,Marinna.Girardo@yopmail.com,Marinna.Girardo@gmail.com,worker
240,Giustina,Brian,Giustina.Brian@yopmail.com,Giustina.Brian@gmail.com,worker
241,Liana,Fiann,Liana.Fiann@yopmail.com,Liana.Fiann@gmail.com,firefighter
242,Dolli,Olin,Dolli.Olin@yopmail.com,Dolli.Olin@gmail.com,firefighter
243,Cecile,Clara,Cecile.Clara@yopmail.com,Cecile.Clara@gmail.com,developer
244,Cindelyn,Henebry,Cindelyn.Henebry@yopmail.com,Cindelyn.Henebry@gmail.com,police officer
245,Mara,Wilkinson,Mara.Wilkinson@yopmail.com,Mara.Wilkinson@gmail.com,firefighter
246,Tori,Karl,Tori.Karl@yopmail.com,Tori.Karl@gmail.com,police officer
247,Kara-Lynn,Diann,Kara-Lynn.Diann@yopmail.com,Kara-Lynn.Diann@gmail.com,worker
248,Rozele,Bord,Rozele.Bord@yopmail.com,Rozele.Bord@gmail.com,police officer
249,Fredericka,Jaylene,Fredericka.Jaylene@yopmail.com,Fredericka.Jaylene@gmail.com,worker
250,Ofilia,Norvol,Ofilia.Norvol@yopmail.com,Ofilia.Norvol@gmail.com,developer
251,Vanessa,Orlene,Vanessa.Orlene@yopmail.com,Vanessa.Orlene@gmail.com,doctor
252,Carilyn,Drisko,Carilyn.Drisko@yopmail.com,Carilyn.Drisko@gmail.com,developer
253,Goldie,Saunderson,Goldie.Saunderson@yopmail.com,Goldie.Saunderson@gmail.com,worker
254,Rubie,Lemuela,Rubie.Lemuela@yopmail.com,Rubie.Lemuela@gmail.com,worker
255,Adelle,Jobi,Adelle.Jobi@yopmail.com,Adelle.Jobi@gmail.com,firefighter
256,Tressa,Yam,Tressa.Yam@yopmail.com,Tressa.Yam@gmail.com,doctor
257,Calla,Olin,Calla.Olin@yopmail.com,Calla.Olin@gmail.com,developer
258,Ann-Marie,Helfand,Ann-Marie.Helfand@yopmail.com,Ann-Marie.Helfand@gmail.com,police officer
259,Tilly,Lanita,Tilly.Lanita@yopmail.com,Tilly.Lanita@gmail.com,firefighter
260,Brooks,Kirstin,Brooks.Kirstin@yopmail.com,Brooks.Kirstin@gmail.com,developer
261,Gerianna,Chandler,Gerianna.Chandler@yopmail.com,Gerianna.Chandler@gmail.com,doctor
262,Frances,Briney,Frances.Briney@yopmail.com,Frances.Briney@gmail.com,police officer
263,Chere,Bashemeth,Chere.Bashemeth@yopmail.com,Chere.Bashemeth@gmail.com,developer
264,Frank,McAdams,Frank.McAdams@yopmail.com,Frank.McAdams@gmail.com,developer
265,Pearline,Olin,Pearline.Olin@yopmail.com,Pearline.Olin@gmail.com,police officer
266,Olivette,Celestine,Olivette.Celestine@yopmail.com,Olivette.Celestine@gmail.com,firefighter
267,Hildegaard,Slifka,Hildegaard.Slifka@yopmail.com,Hildegaard.Slifka@gmail.com,worker
268,Jordan,Carolin,Jordan.Carolin@yopmail.com,Jordan.Carolin@gmail.com,doctor
269,Edyth,Kirstin,Edyth.Kirstin@yopmail.com,Edyth.Kirstin@gmail.com,police officer
270,Melanie,Baudin,Melanie.Baudin@yopmail.com,Melanie.Baudin@gmail.com,developer
271,Madalyn,Astra,Madalyn.Astra@yopmail.com,Madalyn.Astra@gmail.com,worker
272,Celene,Hutchison,Celene.Hutchison@yopmail.com,Celene.Hutchison@gmail.com,doctor
273,Deedee,Ioab,Deedee.Ioab@yopmail.com,Deedee.Ioab@gmail.com,developer
274,Carly,Woodberry,Carly.Woodberry@yopmail.com,Carly.Woodberry@gmail.com,worker
275,Berta,Justinn,Berta.Justinn@yopmail.com,Berta.Justinn@gmail.com,worker
276,Nollie,Charmine,Nollie.Charmine@yopmail.com,Nollie.Charmine@gmail.com,worker
277,Estell,Ezar,Estell.Ezar@yopmail.com,Estell.Ezar@gmail.com,worker
278,Priscilla,Melan,Priscilla.Melan@yopmail.com,Priscilla.Melan@gmail.com,worker
279,Justinn,Pernick,Justinn.Pernick@yopmail.com,Justinn.Pernick@gmail.com,doctor
280,Madalyn,Lane,Madalyn.Lane@yopmail.com,Madalyn.Lane@gmail.com,firefighter
281,Lyssa,Suzetta,Lyssa.Suzetta@yopmail.com,Lyssa.Suzetta@gmail.com,police officer
282,Ana,Salvidor,Ana.Salvidor@yopmail.com,Ana.Salvidor@gmail.com,police officer
283,Trudie,Lilas,Trudie.Lilas@yopmail.com,Trudie.Lilas@gmail.com,doctor
284,Stephanie,Morgun,Stephanie.Morgun@yopmail.com,Stephanie.Morgun@gmail.com,developer
285,Tracey,Olin,Tracey.Olin@yopmail.com,Tracey.Olin@gmail.com,firefighter
286,Annabela,Wolfgram,Annabela.Wolfgram@yopmail.com,Annabela.Wolfgram@gmail.com,doctor
287,Agathe,O'Carroll,Agathe.O'Carroll@yopmail.com,Agathe.O'Carroll@gmail.com,police officer
288,Raf,Thomasina,Raf.Thomasina@yopmail.com,Raf.Thomasina@gmail.com,doctor
289,Karolina,Serilda,Karolina.Serilda@yopmail.com,Karolina.Serilda@gmail.com,worker
290,Betta,Lemuela,Betta.Lemuela@yopmail.com,Betta.Lemuela@gmail.com,doctor
291,Vevay,Seumas,Vevay.Seumas@yopmail.com,Vevay.Seumas@gmail.com,police officer
292,Henriette,Pip,Henriette.Pip@yopmail.com,Henriette.Pip@gmail.com,doctor
293,Kaia,Barrus,Kaia.Barrus@yopmail.com,Kaia.Barrus@gmail.com,firefighter
294,Asia,Idelia,Asia.Idelia@yopmail.com,Asia.Idelia@gmail.com,doctor
295,Beverley,Dreda,Beverley.Dreda@yopmail.com,Beverley.Dreda@gmail.com,doctor
296,Nariko,Zeeba,Nariko.Zeeba@yopmail.com,Nariko.Zeeba@gmail.com,developer
297,Carlie,Felizio,Carlie.Felizio@yopmail.com,Carlie.Felizio@gmail.com,doctor
298,Elise,Talia,Elise.Talia@yopmail.com,Elise.Talia@gmail.com,firefighter
299,Cassondra,Fontana,Cassondra.Fontana@yopmail.com,Cassondra.Fontana@gmail.com,firefighter
300,Sissy,Cimbura,Sissy.Cimbura@yopmail.com,Sissy.Cimbura@gmail.com,worker
301,Cherrita,Han,Cherrita.Han@yopmail.com,Cherrita.Han@gmail.com,doctor
302,Letizia,Alejoa,Letizia.Alejoa@yopmail.com,Letizia.Alejoa@gmail.com,police officer
303,Sue,Quinn,Sue.Quinn@yopmail.com,Sue.Quinn@gmail.com,firefighter
304,Isa,Marisa,Isa.Marisa@yopmail.com,Isa.Marisa@gmail.com,developer
305,Frieda,Delacourt,Frieda.Delacourt@yopmail.com,Frieda.Delacourt@gmail.com,developer
306,Margette,Franza,Margette.Franza@yopmail.com,Margette.Franza@gmail.com,developer
307,Edith,MacIntosh,Edith.MacIntosh@yopmail.com,Edith.MacIntosh@gmail.com,firefighter
308,Jan,Claudine,Jan.Claudine@yopmail.com,Jan.Claudine@gmail.com,doctor
309,Ruthe,Ader,Ruthe.Ader@yopmail.com,Ruthe.Ader@gmail.com,doctor
310,Therine,Dorine,Therine.Dorine@yopmail.com,Therine.Dorine@gmail.com,developer
311,Annora,Noman,Annora.Noman@yopmail.com,Annora.Noman@gmail.com,doctor
312,Tobe,Halla,Tobe.Halla@yopmail.com,Tobe.Halla@gmail.com,firefighter
313,Christian,Poll,Christian.Poll@yopmail.com,Christian.Poll@gmail.com,police officer
314,Phylis,Adlare,Phylis.Adlare@yopmail.com,Phylis.Adlare@gmail.com,firefighter
315,Livvyy,Iphlgenia,Livvyy.Iphlgenia@yopmail.com,Livvyy.Iphlgenia@gmail.com,worker
316,Lanna,Allina,Lanna.Allina@yopmail.com,Lanna.Allina@gmail.com,worker
317,Susan,Cornelia,Susan.Cornelia@yopmail.com,Susan.Cornelia@gmail.com,developer
318,Chickie,Bebe,Chickie.Bebe@yopmail.com,Chickie.Bebe@gmail.com,developer
319,Dominga,Edison,Dominga.Edison@yopmail.com,Dominga.Edison@gmail.com,firefighter
320,Jaclyn,Stuart,Jaclyn.Stuart@yopmail.com,Jaclyn.Stuart@gmail.com,police officer
321,Konstance,Standing,Konstance.Standing@yopmail.com,Konstance.Standing@gmail.com,firefighter
322,Aeriela,Roscoe,Aeriela.Roscoe@yopmail.com,Aeriela.Roscoe@gmail.com,firefighter
323,Ellette,Macey,Ellette.Macey@yopmail.com,Ellette.Macey@gmail.com,worker
324,Ada,Hoenack,Ada.Hoenack@yopmail.com,Ada.Hoenack@gmail.com,police officer
325,Carol-Jean,Billye,Carol-Jean.Billye@yopmail.com,Carol-Jean.Billye@gmail.com,police officer
326,Tobe,Jotham,Tobe.Jotham@yopmail.com,Tobe.Jotham@gmail.com,police officer
327,Raquela,Roscoe,Raquela.Roscoe@yopmail.com,Raquela.Roscoe@gmail.com,developer
328,Debee,Ralfston,Debee.Ralfston@yopmail.com,Debee.Ralfston@gmail.com,doctor
329,Lonnie,Hewitt,Lonnie.Hewitt@yopmail.com,Lonnie.Hewitt@gmail.com,firefighter
330,Rosabelle,Zachary,Rosabelle.Zachary@yopmail.com,Rosabelle.Zachary@gmail.com,firefighter
331,Norine,Tryck,Norine.Tryck@yopmail.com,Norine.Tryck@gmail.com,developer
332,Kittie,My,Kittie.My@yopmail.com,Kittie.My@gmail.com,doctor
333,Meghann,Gunn,Meghann.Gunn@yopmail.com,Meghann.Gunn@gmail.com,firefighter
334,Madelle,Camden,Madelle.Camden@yopmail.com,Madelle.Camden@gmail.com,police officer
335,Miquela,Scammon,Miquela.Scammon@yopmail.com,Miquela.Scammon@gmail.com,developer
336,Beatriz,Artie,Beatriz.Artie@yopmail.com,Beatriz.Artie@gmail.com,police officer
337,Tina,Sikorski,Tina.Sikorski@yopmail.com,Tina.Sikorski@gmail.com,firefighter
338,Janis,Kolnick,Janis.Kolnick@yopmail.com,Janis.Kolnick@gmail.com,police officer
339,Gale,Jacinda,Gale.Jacinda@yopmail.com,Gale.Jacinda@gmail.com,worker
340,Silvana,Keelia,Silvana.Keelia@yopmail.com,Silvana.Keelia@gmail.com,worker
341,Carly,Destinee,Carly.Destinee@yopmail.com,Carly.Destinee@gmail.com,worker
342,Elbertina,Jalbert,Elbertina.Jalbert@yopmail.com,Elbertina.Jalbert@gmail.com,firefighter
343,Ninnetta,Calhoun,Ninnetta.Calhoun@yopmail.com,Ninnetta.Calhoun@gmail.com,doctor
344,Vivia,Rodmann,Vivia.Rodmann@yopmail.com,Vivia.Rodmann@gmail.com,police officer
345,Silvana,Natalia,Silvana.Natalia@yopmail.com,Silvana.Natalia@gmail.com,worker
346,Keelia,Adrienne,Keelia.Adrienne@yopmail.com,Keelia.Adrienne@gmail.com,developer
347,Yolane,Pettiford,Yolane.Pettiford@yopmail.com,Yolane.Pettiford@gmail.com,doctor
348,Pollyanna,Ovid,Pollyanna.Ovid@yopmail.com,Pollyanna.Ovid@gmail.com,police officer
349,Averyl,Paton,Averyl.Paton@yopmail.com,Averyl.Paton@gmail.com,police officer
350,Belinda,Bettine,Belinda.Bettine@yopmail.com,Belinda.Bettine@gmail.com,doctor
351,Nyssa,Engdahl,Nyssa.Engdahl@yopmail.com,Nyssa.Engdahl@gmail.com,doctor
352,Dacia,Mathilde,Dacia.Mathilde@yopmail.com,Dacia.Mathilde@gmail.com,firefighter
353,Hollie,Gahl,Hollie.Gahl@yopmail.com,Hollie.Gahl@gmail.com,police officer
354,Gerrie,Nunci,Gerrie.Nunci@yopmail.com,Gerrie.Nunci@gmail.com,police officer
355,Teddie,Vorster,Teddie.Vorster@yopmail.com,Teddie.Vorster@gmail.com,police officer
356,Sibella,Corilla,Sibella.Corilla@yopmail.com,Sibella.Corilla@gmail.com,developer
357,Rani,Rugen,Rani.Rugen@yopmail.com,Rani.Rugen@gmail.com,firefighter
358,Brynna,Engdahl,Brynna.Engdahl@yopmail.com,Brynna.Engdahl@gmail.com,doctor
359,Oralee,Tybald,Oralee.Tybald@yopmail.com,Oralee.Tybald@gmail.com,firefighter
360,Cecile,Lamoree,Cecile.Lamoree@yopmail.com,Cecile.Lamoree@gmail.com,police officer
361,Tatiania,Gaulin,Tatiania.Gaulin@yopmail.com,Tatiania.Gaulin@gmail.com,police officer
362,Marita,Raffo,Marita.Raffo@yopmail.com,Marita.Raffo@gmail.com,firefighter
363,Talya,Janith,Talya.Janith@yopmail.com,Talya.Janith@gmail.com,worker
364,Deloria,Liva,Deloria.Liva@yopmail.com,Deloria.Liva@gmail.com,worker
365,Susan,Hanshaw,Susan.Hanshaw@yopmail.com,Susan.Hanshaw@gmail.com,firefighter
366,Peri,Pascia,Peri.Pascia@yopmail.com,Peri.Pascia@gmail.com,doctor
367,Tierney,Trinetta,Tierney.Trinetta@yopmail.com,Tierney.Trinetta@gmail.com,worker
368,Leontine,Brunell,Leontine.Brunell@yopmail.com,Leontine.Brunell@gmail.com,doctor
369,Carly,Kathie,Carly.Kathie@yopmail.com,Carly.Kathie@gmail.com,police officer
370,Roseline,Tamar,Roseline.Tamar@yopmail.com,Roseline.Tamar@gmail.com,doctor
371,Hallie,Letsou,Hallie.Letsou@yopmail.com,Hallie.Letsou@gmail.com,firefighter
372,Kirstin,Stephie,Kirstin.Stephie@yopmail.com,Kirstin.Stephie@gmail.com,firefighter
373,Lucy,Loeb,Lucy.Loeb@yopmail.com,Lucy.Loeb@gmail.com,firefighter
374,Fanchon,Voletta,Fanchon.Voletta@yopmail.com,Fanchon.Voletta@gmail.com,police officer
375,Leanna,Ulphia,Leanna.Ulphia@yopmail.com,Leanna.Ulphia@gmail.com,worker
376,Celisse,Merell,Celisse.Merell@yopmail.com,Celisse.Merell@gmail.com,firefighter
377,Lily,Emanuel,Lily.Emanuel@yopmail.com,Lily.Emanuel@gmail.com,developer
378,Lulita,Jary,Lulita.Jary@yopmail.com,Lulita.Jary@gmail.com,doctor
379,Emma,Klemperer,Emma.Klemperer@yopmail.com,Emma.Klemperer@gmail.com,police officer
380,Lanae,Kussell,Lanae.Kussell@yopmail.com,Lanae.Kussell@gmail.com,developer
381,Madelle,Nerita,Madelle.Nerita@yopmail.com,Madelle.Nerita@gmail.com,developer
382,Florencia,Fleeta,Florencia.Fleeta@yopmail.com,Florencia.Fleeta@gmail.com,police officer
383,Ninnetta,Vacuva,Ninnetta.Vacuva@yopmail.com,Ninnetta.Vacuva@gmail.com,firefighter
384,Gabi,Uund,Gabi.Uund@yopmail.com,Gabi.Uund@gmail.com,police officer
385,Janenna,Geffner,Janenna.Geffner@yopmail.com,Janenna.Geffner@gmail.com,firefighter
386,Lily,Sinegold,Lily.Sinegold@yopmail.com,Lily.Sinegold@gmail.com,worker
387,Melisent,Joli,Melisent.Joli@yopmail.com,Melisent.Joli@gmail.com,firefighter
388,Cristine,Edmund,Cristine.Edmund@yopmail.com,Cristine.Edmund@gmail.com,worker
389,Marguerite,Yorick,Marguerite.Yorick@yopmail.com,Marguerite.Yorick@gmail.com,doctor
390,Allis,Toni,Allis.Toni@yopmail.com,Allis.Toni@gmail.com,worker
391,Emilia,Hillel,Emilia.Hillel@yopmail.com,Emilia.Hillel@gmail.com,firefighter
392,Kimberley,Johnsson,Kimberley.Johnsson@yopmail.com,Kimberley.Johnsson@gmail.com,developer
393,Ethel,Neva,Ethel.Neva@yopmail.com,Ethel.Neva@gmail.com,doctor
394,Edyth,Roxanna,Edyth.Roxanna@yopmail.com,Edyth.Roxanna@gmail.com,police officer
395,Daune,Solitta,Daune.Solitta@yopmail.com,Daune.Solitta@gmail.com,doctor
396,Darlleen,Daegal,Darlleen.Daegal@yopmail.com,Darlleen.Daegal@gmail.com,worker
397,Deane,Marlie,Deane.Marlie@yopmail.com,Deane.Marlie@gmail.com,developer
398,Etta,Torray,Etta.Torray@yopmail.com,Etta.Torray@gmail.com,doctor
399,Atlanta,Lattie,Atlanta.Lattie@yopmail.com,Atlanta.Lattie@gmail.com,firefighter
400,Bernardine,Johanna,Bernardine.Johanna@yopmail.com,Bernardine.Johanna@gmail.com,police officer
401,Karlee,Brittani,Karlee.Brittani@yopmail.com,Karlee.Brittani@gmail.com,police officer
402,Sibella,Latini,Sibella.Latini@yopmail.com,Sibella.Latini@gmail.com,worker
403,Ronna,Gillan,Ronna.Gillan@yopmail.com,Ronna.Gillan@gmail.com,firefighter
404,Augustine,Burnside,Augustine.Burnside@yopmail.com,Augustine.Burnside@gmail.com,police officer
405,Chere,Valoniah,Chere.Valoniah@yopmail.com,Chere.Valoniah@gmail.com,worker
406,Belinda,Rossner,Belinda.Rossner@yopmail.com,Belinda.Rossner@gmail.com,police officer
407,Shell,Sundin,Shell.Sundin@yopmail.com,Shell.Sundin@gmail.com,doctor
408,Nickie,Georas,Nickie.Georas@yopmail.com,Nickie.Georas@gmail.com,developer
409,Janis,Louanna,Janis.Louanna@yopmail.com,Janis.Louanna@gmail.com,doctor
410,Hallie,Gerge,Hallie.Gerge@yopmail.com,Hallie.Gerge@gmail.com,worker
411,Lenna,Jorgan,Lenna.Jorgan@yopmail.com,Lenna.Jorgan@gmail.com,police officer
412,Ellette,Fancie,Ellette.Fancie@yopmail.com,Ellette.Fancie@gmail.com,developer
413,Binny,Reinke,Binny.Reinke@yopmail.com,Binny.Reinke@gmail.com,developer
414,Melina,Tengdin,Melina.Tengdin@yopmail.com,Melina.Tengdin@gmail.com,developer
415,Ginnie,Kendrick,Ginnie.Kendrick@yopmail.com,Ginnie.Kendrick@gmail.com,developer
416,Anestassia,Terrence,Anestassia.Terrence@yopmail.com,Anestassia.Terrence@gmail.com,firefighter
417,Shannah,Annice,Shannah.Annice@yopmail.com,Shannah.Annice@gmail.com,doctor
418,Gloria,Madaih,Gloria.Madaih@yopmail.com,Gloria.Madaih@gmail.com,worker
419,Cecile,Joni,Cecile.Joni@yopmail.com,Cecile.Joni@gmail.com,firefighter
420,Sheree,Katrine,Sheree.Katrine@yopmail.com,Sheree.Katrine@gmail.com,doctor
421,Katharina,Jeanne,Katharina.Jeanne@yopmail.com,Katharina.Jeanne@gmail.com,firefighter
422,Elka,Radu,Elka.Radu@yopmail.com,Elka.Radu@gmail.com,developer
423,Jan,Alrich,Jan.Alrich@yopmail.com,Jan.Alrich@gmail.com,firefighter
424,Tani,Amand,Tani.Amand@yopmail.com,Tani.Amand@gmail.com,firefighter
425,Andree,Thornburg,Andree.Thornburg@yopmail.com,Andree.Thornburg@gmail.com,police officer
426,Charlena,Sheng,Charlena.Sheng@yopmail.com,Charlena.Sheng@gmail.com,police officer
427,Gabi,Yoko,Gabi.Yoko@yopmail.com,Gabi.Yoko@gmail.com,developer
428,Shirlee,Stacy,Shirlee.Stacy@yopmail.com,Shirlee.Stacy@gmail.com,doctor
429,Tatiania,Myrilla,Tatiania.Myrilla@yopmail.com,Tatiania.Myrilla@gmail.com,firefighter
430,Ira,Izaak,Ira.Izaak@yopmail.com,Ira.Izaak@gmail.com,worker
431,Ginnie,Devlen,Ginnie.Devlen@yopmail.com,Ginnie.Devlen@gmail.com,firefighter
432,Dorice,Berl,Dorice.Berl@yopmail.com,Dorice.Berl@gmail.com,developer
433,Donetta,Terrence,Donetta.Terrence@yopmail.com,Donetta.Terrence@gmail.com,worker
434,Paulita,Ortrude,Paulita.Ortrude@yopmail.com,Paulita.Ortrude@gmail.com,worker
435,Ann-Marie,Thomasina,Ann-Marie.Thomasina@yopmail.com,Ann-Marie.Thomasina@gmail.com,firefighter
436,Sarette,Gaynor,Sarette.Gaynor@yopmail.com,Sarette.Gaynor@gmail.com,doctor
437,Brynna,Ciro,Brynna.Ciro@yopmail.com,Brynna.Ciro@gmail.com,police officer
438,Eadie,Sasnett,Eadie.Sasnett@yopmail.com,Eadie.Sasnett@gmail.com,worker
439,Tera,Schlosser,Tera.Schlosser@yopmail.com,Tera.Schlosser@gmail.com,developer
440,Stevana,Odell,Stevana.Odell@yopmail.com,Stevana.Odell@gmail.com,developer
441,Jany,Flyn,Jany.Flyn@yopmail.com,Jany.Flyn@gmail.com,police officer
442,Andeee,Mullane,Andeee.Mullane@yopmail.com,Andeee.Mullane@gmail.com,doctor
443,Lelah,Eben,Lelah.Eben@yopmail.com,Lelah.Eben@gmail.com,worker
444,Elie,Roscoe,Elie.Roscoe@yopmail.com,Elie.Roscoe@gmail.com,police officer
445,Marguerite,Trace,Marguerite.Trace@yopmail.com,Marguerite.Trace@gmail.com,developer
446,Robbi,Ludewig,Robbi.Ludewig@yopmail.com,Robbi.Ludewig@gmail.com,doctor
447,Sissy,Ivens,Sissy.Ivens@yopmail.com,Sissy.Ivens@gmail.com,worker
448,Kittie,Muriel,Kittie.Muriel@yopmail.com,Kittie.Muriel@gmail.com,police officer
449,Moyna,Shelba,Moyna.Shelba@yopmail.com,Moyna.Shelba@gmail.com,firefighter
450,Norine,Israeli,Norine.Israeli@yopmail.com,Norine.Israeli@gmail.com,developer
451,Janey,Schonfeld,Janey.Schonfeld@yopmail.com,Janey.Schonfeld@gmail.com,police officer
452,Renae,Erb,Renae.Erb@yopmail.com,Renae.Erb@gmail.com,police officer
453,Cecile,Hertzfeld,Cecile.Hertzfeld@yopmail.com,Cecile.Hertzfeld@gmail.com,police officer
454,Fredericka,Dearborn,Fredericka.Dearborn@yopmail.com,Fredericka.Dearborn@gmail.com,developer
455,Bertine,Vary,Bertine.Vary@yopmail.com,Bertine.Vary@gmail.com,firefighter
456,Hettie,Rosemary,Hettie.Rosemary@yopmail.com,Hettie.Rosemary@gmail.com,doctor
457,Atlanta,Garbe,Atlanta.Garbe@yopmail.com,Atlanta.Garbe@gmail.com,firefighter
458,Henriette,Annabella,Henriette.Annabella@yopmail.com,Henriette.Annabella@gmail.com,police officer
459,Ekaterina,Vastah,Ekaterina.Vastah@yopmail.com,Ekaterina.Vastah@gmail.com,police officer
460,Etta,Berl,Etta.Berl@yopmail.com,Etta.Berl@gmail.com,developer
461,Lila,Hepsibah,Lila.Hepsibah@yopmail.com,Lila.Hepsibah@gmail.com,firefighter
462,Elise,Marisa,Elise.Marisa@yopmail.com,Elise.Marisa@gmail.com,worker
463,Maurene,Astra,Maurene.Astra@yopmail.com,Maurene.Astra@gmail.com,police officer
464,Elbertina,Brotherson,Elbertina.Brotherson@yopmail.com,Elbertina.Brotherson@gmail.com,doctor
465,Alyssa,Lia,Alyssa.Lia@yopmail.com,Alyssa.Lia@gmail.com,firefighter
466,Dania,Sophronia,Dania.Sophronia@yopmail.com,Dania.Sophronia@gmail.com,worker
467,Ezmeralda,Adrienne,Ezmeralda.Adrienne@yopmail.com,Ezmeralda.Adrienne@gmail.com,developer
468,Merry,Masao,Merry.Masao@yopmail.com,Merry.Masao@gmail.com,police officer
469,Carol-Jean,Jacobah,Carol-Jean.Jacobah@yopmail.com,Carol-Jean.Jacobah@gmail.com,developer
470,Donetta,Roscoe,Donetta.Roscoe@yopmail.com,Donetta.Roscoe@gmail.com,firefighter
471,Linet,Eben,Linet.Eben@yopmail.com,Linet.Eben@gmail.com,firefighter
472,Ekaterina,Gombach,Ekaterina.Gombach@yopmail.com,Ekaterina.Gombach@gmail.com,firefighter
473,Cissiee,McNully,Cissiee.McNully@yopmail.com,Cissiee.McNully@gmail.com,worker
474,Bertine,Pip,Bertine.Pip@yopmail.com,Bertine.Pip@gmail.com,police officer
475,Libbie,Alva,Libbie.Alva@yopmail.com,Libbie.Alva@gmail.com,doctor
476,Annice,Amand,Annice.Amand@yopmail.com,Annice.Amand@gmail.com,firefighter
477,Christy,Genna,Christy.Genna@yopmail.com,Christy.Genna@gmail.com,worker
478,Barbi,Drisko,Barbi.Drisko@yopmail.com,Barbi.Drisko@gmail.com,doctor
479,Laurene,Goode,Laurene.Goode@yopmail.com,Laurene.Goode@gmail.com,police officer
480,Ashlee,Fairweather,Ashlee.Fairweather@yopmail.com,Ashlee.Fairweather@gmail.com,doctor
481,Teddie,Ball,Teddie.Ball@yopmail.com,Teddie.Ball@gmail.com,doctor
482,Hermione,Allys,Hermione.Allys@yopmail.com,Hermione.Allys@gmail.com,developer
483,Lilith,Braun,Lilith.Braun@yopmail.com,Lilith.Braun@gmail.com,doctor
484,Sandie,Curren,Sandie.Curren@yopmail.com,Sandie.Curren@gmail.com,worker
485,Merry,Neils,Merry.Neils@yopmail.com,Merry.Neils@gmail.com,worker
486,Lorne,Sadowski,Lorne.Sadowski@yopmail.com,Lorne.Sadowski@gmail.com,firefighter
487,Myrtice,Lalitta,Myrtice.Lalitta@yopmail.com,Myrtice.Lalitta@gmail.com,worker
488,Edyth,Maroney,Edyth.Maroney@yopmail.com,Edyth.Maroney@gmail.com,doctor
489,Bernardine,Joni,Bernardine.Joni@yopmail.com,Bernardine.Joni@gmail.com,worker
490,Ezmeralda,Eliathas,Ezmeralda.Eliathas@yopmail.com,Ezmeralda.Eliathas@gmail.com,doctor
491,Drucie,Fulmer,Drucie.Fulmer@yopmail.com,Drucie.Fulmer@gmail.com,police officer
492,Adriana,Anderea,Adriana.Anderea@yopmail.com,Adriana.Anderea@gmail.com,worker
493,Alyssa,Truc,Alyssa.Truc@yopmail.com,Alyssa.Truc@gmail.com,firefighter
494,Asia,Docilla,Asia.Docilla@yopmail.com,Asia.Docilla@gmail.com,doctor
495,Krystle,Levey,Krystle.Levey@yopmail.com,Krystle.Levey@gmail.com,worker
496,Sue,Cressida,Sue.Cressida@yopmail.com,Sue.Cressida@gmail.com,doctor
497,Magdalena,Joeann,Magdalena.Joeann@yopmail.com,Magdalena.Joeann@gmail.com,police officer
498,Harmonia,Kimmie,Harmonia.Kimmie@yopmail.com,Harmonia.Kimmie@gmail.com,police officer
499,Jennica,Mayeda,Jennica.Mayeda@yopmail.com,Jennica.Mayeda@gmail.com,developer
500,Gilligan,Gower,Gilligan.Gower@yopmail.com,Gilligan.Gower@gmail.com,police officer
501,Calla,Boehike,Calla.Boehike@yopmail.com,Calla.Boehike@gmail.com,worker
502,Arlena,Jefferey,Arlena.Jefferey@yopmail.com,Arlena.Jefferey@gmail.com,worker
503,Jackie,An,Jackie.An@yopmail.com,Jackie.An@gmail.com,firefighter
504,Ariela,Teddman,Ariela.Teddman@yopmail.com,Ariela.Teddman@gmail.com,police officer
505,Cindelyn,Ingra,Cindelyn.Ingra@yopmail.com,Cindelyn.Ingra@gmail.com,worker
506,Gwenneth,Chobot,Gwenneth.Chobot@yopmail.com,Gwenneth.Chobot@gmail.com,worker
507,Sallie,Bobbee,Sallie.Bobbee@yopmail.com,Sallie.Bobbee@gmail.com,police officer
508,Karolina,Armanda,Karolina.Armanda@yopmail.com,Karolina.Armanda@gmail.com,worker
509,Bill,Pulsifer,Bill.Pulsifer@yopmail.com,Bill.Pulsifer@gmail.com,doctor
510,Veda,Koehler,Veda.Koehler@yopmail.com,Veda.Koehler@gmail.com,doctor
511,Ashlee,Holtz,Ashlee.Holtz@yopmail.com,Ashlee.Holtz@gmail.com,doctor
512,Patricia,Gwenore,Patricia.Gwenore@yopmail.com,Patricia.Gwenore@gmail.com,firefighter
513,Selma,Grimbly,Selma.Grimbly@yopmail.com,Selma.Grimbly@gmail.com,firefighter
514,Mureil,Anselmi,Mureil.Anselmi@yopmail.com,Mureil.Anselmi@gmail.com,firefighter
515,Hettie,Idelia,Hettie.Idelia@yopmail.com,Hettie.Idelia@gmail.com,developer
516,Chere,Azeria,Chere.Azeria@yopmail.com,Chere.Azeria@gmail.com,police officer
517,Candi,Cutlerr,Candi.Cutlerr@yopmail.com,Candi.Cutlerr@gmail.com,worker
518,Hollie,Toni,Hollie.Toni@yopmail.com,Hollie.Toni@gmail.com,developer
519,Melisent,Henrie,Melisent.Henrie@yopmail.com,Melisent.Henrie@gmail.com,doctor
520,Lanna,Zenas,Lanna.Zenas@yopmail.com,Lanna.Zenas@gmail.com,firefighter
521,Ida,Darbie,Ida.Darbie@yopmail.com,Ida.Darbie@gmail.com,worker
522,Grier,Madaih,Grier.Madaih@yopmail.com,Grier.Madaih@gmail.com,police officer
523,Ardenia,Cecile,Ardenia.Cecile@yopmail.com,Ardenia.Cecile@gmail.com,firefighter
524,Odessa,Pozzy,Odessa.Pozzy@yopmail.com,Odessa.Pozzy@gmail.com,firefighter
525,Sarette,Infield,Sarette.Infield@yopmail.com,Sarette.Infield@gmail.com,doctor
526,Rochette,Ariella,Rochette.Ariella@yopmail.com,Rochette.Ariella@gmail.com,worker
527,Meghann,Tiffa,Meghann.Tiffa@yopmail.com,Meghann.Tiffa@gmail.com,developer
528,Brandise,Sheng,Brandise.Sheng@yopmail.com,Brandise.Sheng@gmail.com,worker
529,Giustina,Hartnett,Giustina.Hartnett@yopmail.com,Giustina.Hartnett@gmail.com,firefighter
530,Lynea,Cassius,Lynea.Cassius@yopmail.com,Lynea.Cassius@gmail.com,police officer
531,Hettie,Adamsen,Hettie.Adamsen@yopmail.com,Hettie.Adamsen@gmail.com,developer
532,Elise,Belldas,Elise.Belldas@yopmail.com,Elise.Belldas@gmail.com,developer
533,Marcelline,Taam,Marcelline.Taam@yopmail.com,Marcelline.Taam@gmail.com,firefighter
534,Pierette,Kevon,Pierette.Kevon@yopmail.com,Pierette.Kevon@gmail.com,worker
535,Cyb,Martguerita,Cyb.Martguerita@yopmail.com,Cyb.Martguerita@gmail.com,doctor
536,Isa,Podvin,Isa.Podvin@yopmail.com,Isa.Podvin@gmail.com,firefighter
537,Althea,Tyson,Althea.Tyson@yopmail.com,Althea.Tyson@gmail.com,worker
538,Lisette,Chobot,Lisette.Chobot@yopmail.com,Lisette.Chobot@gmail.com,police officer
539,Agathe,Eugenia,Agathe.Eugenia@yopmail.com,Agathe.Eugenia@gmail.com,doctor
540,Dagmar,Norvol,Dagmar.Norvol@yopmail.com,Dagmar.Norvol@gmail.com,police officer
541,Stephanie,Corrine,Stephanie.Corrine@yopmail.com,Stephanie.Corrine@gmail.com,firefighter
542,Margarette,Borrell,Margarette.Borrell@yopmail.com,Margarette.Borrell@gmail.com,police officer
543,Romona,Avi,Romona.Avi@yopmail.com,Romona.Avi@gmail.com,police officer
544,Jerry,Juliet,Jerry.Juliet@yopmail.com,Jerry.Juliet@gmail.com,doctor
545,Jessamyn,Gregrory,Jessamyn.Gregrory@yopmail.com,Jessamyn.Gregrory@gmail.com,developer
546,Adelle,Hull,Adelle.Hull@yopmail.com,Adelle.Hull@gmail.com,worker
547,Shel,Albertine,Shel.Albertine@yopmail.com,Shel.Albertine@gmail.com,police officer
548,Lacie,Wooster,Lacie.Wooster@yopmail.com,Lacie.Wooster@gmail.com,police officer
549,Bernie,Waite,Bernie.Waite@yopmail.com,Bernie.Waite@gmail.com,doctor
550,Damaris,Masao,Damaris.Masao@yopmail.com,Damaris.Masao@gmail.com,worker
551,Atlanta,Amadas,Atlanta.Amadas@yopmail.com,Atlanta.Amadas@gmail.com,doctor
552,Sara-Ann,Peg,Sara-Ann.Peg@yopmail.com,Sara-Ann.Peg@gmail.com,developer
553,Joceline,Heidt,Joceline.Heidt@yopmail.com,Joceline.Heidt@gmail.com,developer
554,Arlina,Alva,Arlina.Alva@yopmail.com,Arlina.Alva@gmail.com,police officer
555,Leanna,Kristi,Leanna.Kristi@yopmail.com,Leanna.Kristi@gmail.com,developer
556,Chandra,Arvo,Chandra.Arvo@yopmail.com,Chandra.Arvo@gmail.com,developer
557,Caressa,Aloise,Caressa.Aloise@yopmail.com,Caressa.Aloise@gmail.com,firefighter
558,Cherrita,Hoban,Cherrita.Hoban@yopmail.com,Cherrita.Hoban@gmail.com,doctor
559,Selia,Abernon,Selia.Abernon@yopmail.com,Selia.Abernon@gmail.com,doctor
560,Gloria,Sherfield,Gloria.Sherfield@yopmail.com,Gloria.Sherfield@gmail.com,firefighter
561,Fawne,Cloris,Fawne.Cloris@yopmail.com,Fawne.Cloris@gmail.com,police officer
562,Romona,Lissi,Romona.Lissi@yopmail.com,Romona.Lissi@gmail.com,worker
563,Shell,Helve,Shell.Helve@yopmail.com,Shell.Helve@gmail.com,worker
564,Evita,Fax,Evita.Fax@yopmail.com,Evita.Fax@gmail.com,worker
565,Di,Pascia,Di.Pascia@yopmail.com,Di.Pascia@gmail.com,developer
566,Tina,Sibyls,Tina.Sibyls@yopmail.com,Tina.Sibyls@gmail.com,developer
567,Minda,Donoghue,Minda.Donoghue@yopmail.com,Minda.Donoghue@gmail.com,worker
568,Eadie,Rebecka,Eadie.Rebecka@yopmail.com,Eadie.Rebecka@gmail.com,worker
569,Jean,Vanni,Jean.Vanni@yopmail.com,Jean.Vanni@gmail.com,worker
570,Alyssa,Fiann,Alyssa.Fiann@yopmail.com,Alyssa.Fiann@gmail.com,firefighter
571,Kirstin,Faro,Kirstin.Faro@yopmail.com,Kirstin.Faro@gmail.com,firefighter
572,Selma,Tound,Selma.Tound@yopmail.com,Selma.Tound@gmail.com,police officer
573,Fawne,Abernon,Fawne.Abernon@yopmail.com,Fawne.Abernon@gmail.com,worker
574,Bobinette,Thad,Bobinette.Thad@yopmail.com,Bobinette.Thad@gmail.com,worker
575,Beatriz,Kronfeld,Beatriz.Kronfeld@yopmail.com,Beatriz.Kronfeld@gmail.com,developer
576,Mariann,Ephrem,Mariann.Ephrem@yopmail.com,Mariann.Ephrem@gmail.com,worker
577,Basia,Hathaway,Basia.Hathaway@yopmail.com,Basia.Hathaway@gmail.com,doctor
578,Cyb,Horan,Cyb.Horan@yopmail.com,Cyb.Horan@gmail.com,firefighter
579,Dode,Gordon,Dode.Gordon@yopmail.com,Dode.Gordon@gmail.com,worker
580,Leanna,Diogenes,Leanna.Diogenes@yopmail.com,Leanna.Diogenes@gmail.com,doctor
581,Ginnie,Morgun,Ginnie.Morgun@yopmail.com,Ginnie.Morgun@gmail.com,worker
582,Monika,Tacye,Monika.Tacye@yopmail.com,Monika.Tacye@gmail.com,worker
583,Dagmar,Martsen,Dagmar.Martsen@yopmail.com,Dagmar.Martsen@gmail.com,worker
584,Kathi,Bronk,Kathi.Bronk@yopmail.com,Kathi.Bronk@gmail.com,police officer
585,Debee,Saint,Debee.Saint@yopmail.com,Debee.Saint@gmail.com,doctor
586,Tabbatha,Leffen,Tabbatha.Leffen@yopmail.com,Tabbatha.Leffen@gmail.com,firefighter
587,Emmey,Heidt,Emmey.Heidt@yopmail.com,Emmey.Heidt@gmail.com,worker
588,Nerta,Lanita,Nerta.Lanita@yopmail.com,Nerta.Lanita@gmail.com,developer
589,Tomasina,Loeb,Tomasina.Loeb@yopmail.com,Tomasina.Loeb@gmail.com,worker
590,Rhoda,Karl,Rhoda.Karl@yopmail.com,Rhoda.Karl@gmail.com,doctor
591,Verla,Ciro,Verla.Ciro@yopmail.com,Verla.Ciro@gmail.com,police officer
592,Dianemarie,Jess,Dianemarie.Jess@yopmail.com,Dianemarie.Jess@gmail.com,doctor
593,Gerianna,Vins,Gerianna.Vins@yopmail.com,Gerianna.Vins@gmail.com,police officer
594,Ericka,O'Rourke,Ericka.O'Rourke@yopmail.com,Ericka.O'Rourke@gmail.com,doctor
595,Therine,Lacombe,Therine.Lacombe@yopmail.com,Therine.Lacombe@gmail.com,firefighter
596,Jeanna,Chabot,Jeanna.Chabot@yopmail.com,Jeanna.Chabot@gmail.com,police officer
597,Doralynne,Amand,Doralynne.Amand@yopmail.com,Doralynne.Amand@gmail.com,firefighter
598,Alyssa,Kendrick,Alyssa.Kendrick@yopmail.com,Alyssa.Kendrick@gmail.com,worker
599,Sara-Ann,Ahab,Sara-Ann.Ahab@yopmail.com,Sara-Ann.Ahab@gmail.com,worker
600,Ursulina,Deegan,Ursulina.Deegan@yopmail.com,Ursulina.Deegan@gmail.com,police officer
601,Tybie,Joeann,Tybie.Joeann@yopmail.com,Tybie.Joeann@gmail.com,worker
602,Frank,Morgun,Frank.Morgun@yopmail.com,Frank.Morgun@gmail.com,developer
603,Joleen,Zenas,Joleen.Zenas@yopmail.com,Joleen.Zenas@gmail.com,firefighter
604,Flory,Alwin,Flory.Alwin@yopmail.com,Flory.Alwin@gmail.com,police officer
605,Oralee,Pyle,Oralee.Pyle@yopmail.com,Oralee.Pyle@gmail.com,firefighter
606,Cathie,Reidar,Cathie.Reidar@yopmail.com,Cathie.Reidar@gmail.com,firefighter
607,Jeanna,Kellby,Jeanna.Kellby@yopmail.com,Jeanna.Kellby@gmail.com,developer
608,Adriana,Thunell,Adriana.Thunell@yopmail.com,Adriana.Thunell@gmail.com,firefighter
609,Andeee,Yate,Andeee.Yate@yopmail.com,Andeee.Yate@gmail.com,worker
610,Raina,Means,Raina.Means@yopmail.com,Raina.Means@gmail.com,firefighter
611,Maye,Saree,Maye.Saree@yopmail.com,Maye.Saree@gmail.com,police officer
612,Gwenneth,Alcott,Gwenneth.Alcott@yopmail.com,Gwenneth.Alcott@gmail.com,police officer
613,Ann-Marie,Anyah,Ann-Marie.Anyah@yopmail.com,Ann-Marie.Anyah@gmail.com,firefighter
614,Phylis,Milson,Phylis.Milson@yopmail.com,Phylis.Milson@gmail.com,police officer
615,Ana,Delp,Ana.Delp@yopmail.com,Ana.Delp@gmail.com,worker
616,Annaliese,Rolf,Annaliese.Rolf@yopmail.com,Annaliese.Rolf@gmail.com,firefighter
617,Nickie,Hurley,Nickie.Hurley@yopmail.com,Nickie.Hurley@gmail.com,firefighter
618,Almeta,Vanni,Almeta.Vanni@yopmail.com,Almeta.Vanni@gmail.com,doctor
619,Tabbatha,Lesley,Tabbatha.Lesley@yopmail.com,Tabbatha.Lesley@gmail.com,firefighter
620,Silvana,Luhe,Silvana.Luhe@yopmail.com,Silvana.Luhe@gmail.com,developer
621,Liana,Rustice,Liana.Rustice@yopmail.com,Liana.Rustice@gmail.com,police officer
622,Steffane,Percy,Steffane.Percy@yopmail.com,Steffane.Percy@gmail.com,worker
623,Frieda,Bryna,Frieda.Bryna@yopmail.com,Frieda.Bryna@gmail.com,doctor
624,Gretal,Joachim,Gretal.Joachim@yopmail.com,Gretal.Joachim@gmail.com,developer
625,Orelia,Eachern,Orelia.Eachern@yopmail.com,Orelia.Eachern@gmail.com,worker
626,Emma,Cimbura,Emma.Cimbura@yopmail.com,Emma.Cimbura@gmail.com,doctor
627,Anica,Corabella,Anica.Corabella@yopmail.com,Anica.Corabella@gmail.com,firefighter
628,Tatiania,Berne,Tatiania.Berne@yopmail.com,Tatiania.Berne@gmail.com,doctor
629,Shaylyn,Erb,Shaylyn.Erb@yopmail.com,Shaylyn.Erb@gmail.com,police officer
630,Delilah,Dannye,Delilah.Dannye@yopmail.com,Delilah.Dannye@gmail.com,doctor
631,Siana,Zola,Siana.Zola@yopmail.com,Siana.Zola@gmail.com,police officer
632,Teriann,Longfellow,Teriann.Longfellow@yopmail.com,Teriann.Longfellow@gmail.com,police officer
633,Rani,Georas,Rani.Georas@yopmail.com,Rani.Georas@gmail.com,developer
634,Pollyanna,Hachmin,Pollyanna.Hachmin@yopmail.com,Pollyanna.Hachmin@gmail.com,firefighter
635,Kirstin,Seligman,Kirstin.Seligman@yopmail.com,Kirstin.Seligman@gmail.com,worker
636,Roz,Meli,Roz.Meli@yopmail.com,Roz.Meli@gmail.com,developer
637,Jaclyn,Glovsky,Jaclyn.Glovsky@yopmail.com,Jaclyn.Glovsky@gmail.com,firefighter
638,Alexine,McCutcheon,Alexine.McCutcheon@yopmail.com,Alexine.McCutcheon@gmail.com,firefighter
639,Nerta,Dearborn,Nerta.Dearborn@yopmail.com,Nerta.Dearborn@gmail.com,firefighter
640,Helena,Sisile,Helena.Sisile@yopmail.com,Helena.Sisile@gmail.com,doctor
641,Roz,Thomasina,Roz.Thomasina@yopmail.com,Roz.Thomasina@gmail.com,doctor
642,Jenda,Joseph,Jenda.Joseph@yopmail.com,Jenda.Joseph@gmail.com,developer
643,Nikki,Leler,Nikki.Leler@yopmail.com,Nikki.Leler@gmail.com,doctor
644,Dolli,Clywd,Dolli.Clywd@yopmail.com,Dolli.Clywd@gmail.com,police officer
645,Almeta,Wu,Almeta.Wu@yopmail.com,Almeta.Wu@gmail.com,worker
646,Rosaline,Quent,Rosaline.Quent@yopmail.com,Rosaline.Quent@gmail.com,worker
647,Ebonee,Chaing,Ebonee.Chaing@yopmail.com,Ebonee.Chaing@gmail.com,doctor
648,Zondra,Glovsky,Zondra.Glovsky@yopmail.com,Zondra.Glovsky@gmail.com,doctor
649,Chickie,MacIntosh,Chickie.MacIntosh@yopmail.com,Chickie.MacIntosh@gmail.com,firefighter
650,Latisha,Radu,Latisha.Radu@yopmail.com,Latisha.Radu@gmail.com,police officer
651,Kassey,Egbert,Kassey.Egbert@yopmail.com,Kassey.Egbert@gmail.com,firefighter
652,Joceline,Kolnick,Joceline.Kolnick@yopmail.com,Joceline.Kolnick@gmail.com,worker
653,Betta,Rosette,Betta.Rosette@yopmail.com,Betta.Rosette@gmail.com,worker
654,Amii,Bouchard,Amii.Bouchard@yopmail.com,Amii.Bouchard@gmail.com,doctor
655,Phedra,Tamar,Phedra.Tamar@yopmail.com,Phedra.Tamar@gmail.com,worker
656,Jackie,Berard,Jackie.Berard@yopmail.com,Jackie.Berard@gmail.com,doctor
657,Randa,Ferino,Randa.Ferino@yopmail.com,Randa.Ferino@gmail.com,firefighter
658,Helsa,Naashom,Helsa.Naashom@yopmail.com,Helsa.Naashom@gmail.com,firefighter
659,Abbie,Ellerey,Abbie.Ellerey@yopmail.com,Abbie.Ellerey@gmail.com,firefighter
660,Lexine,Lalitta,Lexine.Lalitta@yopmail.com,Lexine.Lalitta@gmail.com,developer
661,Bobinette,Juliet,Bobinette.Juliet@yopmail.com,Bobinette.Juliet@gmail.com,developer
662,Bernardine,Xerxes,Bernardine.Xerxes@yopmail.com,Bernardine.Xerxes@gmail.com,worker
663,Minda,Holtz,Minda.Holtz@yopmail.com,Minda.Holtz@gmail.com,worker
664,Gloria,Bryna,Gloria.Bryna@yopmail.com,Gloria.Bryna@gmail.com,firefighter
665,Bettine,Masao,Bettine.Masao@yopmail.com,Bettine.Masao@gmail.com,police officer
666,Viviene,Ahab,Viviene.Ahab@yopmail.com,Viviene.Ahab@gmail.com,doctor
667,Ada,Malvino,Ada.Malvino@yopmail.com,Ada.Malvino@gmail.com,worker
668,Aryn,Faria,Aryn.Faria@yopmail.com,Aryn.Faria@gmail.com,worker
669,Merci,Olympium,Merci.Olympium@yopmail.com,Merci.Olympium@gmail.com,worker
670,Meg,Carbo,Meg.Carbo@yopmail.com,Meg.Carbo@gmail.com,developer
671,Dianemarie,Merriott,Dianemarie.Merriott@yopmail.com,Dianemarie.Merriott@gmail.com,developer
672,Mallory,Marisa,Mallory.Marisa@yopmail.com,Mallory.Marisa@gmail.com,firefighter
673,Gretal,Sharl,Gretal.Sharl@yopmail.com,Gretal.Sharl@gmail.com,firefighter
674,Annaliese,Aurelio,Annaliese.Aurelio@yopmail.com,Annaliese.Aurelio@gmail.com,firefighter
675,Roz,Tippets,Roz.Tippets@yopmail.com,Roz.Tippets@gmail.com,firefighter
676,Sonni,Garlinda,Sonni.Garlinda@yopmail.com,Sonni.Garlinda@gmail.com,firefighter
677,Stacey,Audly,Stacey.Audly@yopmail.com,Stacey.Audly@gmail.com,doctor
678,Kalina,Sandye,Kalina.Sandye@yopmail.com,Kalina.Sandye@gmail.com,police officer
679,Johna,Stuart,Johna.Stuart@yopmail.com,Johna.Stuart@gmail.com,doctor
680,Hope,Schlosser,Hope.Schlosser@yopmail.com,Hope.Schlosser@gmail.com,doctor
681,Daune,Hubert,Daune.Hubert@yopmail.com,Daune.Hubert@gmail.com,doctor
682,Nananne,Valoniah,Nananne.Valoniah@yopmail.com,Nananne.Valoniah@gmail.com,worker
683,Fanny,Pernick,Fanny.Pernick@yopmail.com,Fanny.Pernick@gmail.com,police officer
684,Sonni,Ferino,Sonni.Ferino@yopmail.com,Sonni.Ferino@gmail.com,worker
685,Edee,Westphal,Edee.Westphal@yopmail.com,Edee.Westphal@gmail.com,worker
686,Therine,Soneson,Therine.Soneson@yopmail.com,Therine.Soneson@gmail.com,developer
687,Blinni,Daniele,Blinni.Daniele@yopmail.com,Blinni.Daniele@gmail.com,developer
688,Lanna,Lea,Lanna.Lea@yopmail.com,Lanna.Lea@gmail.com,doctor
689,Chrystel,Haerr,Chrystel.Haerr@yopmail.com,Chrystel.Haerr@gmail.com,police officer
690,Gwenneth,Ricarda,Gwenneth.Ricarda@yopmail.com,Gwenneth.Ricarda@gmail.com,police officer
691,Rayna,Holtz,Rayna.Holtz@yopmail.com,Rayna.Holtz@gmail.com,doctor
692,Dorice,Shelba,Dorice.Shelba@yopmail.com,Dorice.Shelba@gmail.com,police officer
693,Alyda,Tannie,Alyda.Tannie@yopmail.com,Alyda.Tannie@gmail.com,police officer
694,Ricky,Soneson,Ricky.Soneson@yopmail.com,Ricky.Soneson@gmail.com,firefighter
695,Carly,Marlie,Carly.Marlie@yopmail.com,Carly.Marlie@gmail.com,worker
696,Caryl,Ade,Caryl.Ade@yopmail.com,Caryl.Ade@gmail.com,worker
697,Doro,Gabrielli,Doro.Gabrielli@yopmail.com,Doro.Gabrielli@gmail.com,worker
698,Stevana,Bennie,Stevana.Bennie@yopmail.com,Stevana.Bennie@gmail.com,developer
699,Lanae,Richers,Lanae.Richers@yopmail.com,Lanae.Richers@gmail.com,firefighter
700,Noelle,Kosey,Noelle.Kosey@yopmail.com,Noelle.Kosey@gmail.com,developer
701,Gavrielle,Hanleigh,Gavrielle.Hanleigh@yopmail.com,Gavrielle.Hanleigh@gmail.com,developer
702,Cherrita,Lesley,Cherrita.Lesley@yopmail.com,Cherrita.Lesley@gmail.com,developer
703,Dotty,Nunci,Dotty.Nunci@yopmail.com,Dotty.Nunci@gmail.com,worker
704,Elise,Fadiman,Elise.Fadiman@yopmail.com,Elise.Fadiman@gmail.com,police officer
705,Ilse,Vittoria,Ilse.Vittoria@yopmail.com,Ilse.Vittoria@gmail.com,police officer
706,Lizzie,Aloise,Lizzie.Aloise@yopmail.com,Lizzie.Aloise@gmail.com,developer
707,Margette,Philipp,Margette.Philipp@yopmail.com,Margette.Philipp@gmail.com,firefighter
708,Constance,Wenoa,Constance.Wenoa@yopmail.com,Constance.Wenoa@gmail.com,worker
709,Raquela,Desai,Raquela.Desai@yopmail.com,Raquela.Desai@gmail.com,police officer
710,Alleen,Himelman,Alleen.Himelman@yopmail.com,Alleen.Himelman@gmail.com,developer
711,Ezmeralda,Schlosser,Ezmeralda.Schlosser@yopmail.com,Ezmeralda.Schlosser@gmail.com,police officer
712,Marylou,Trey,Marylou.Trey@yopmail.com,Marylou.Trey@gmail.com,police officer
713,Sabina,Isacco,Sabina.Isacco@yopmail.com,Sabina.Isacco@gmail.com,firefighter
714,Stephanie,Elo,Stephanie.Elo@yopmail.com,Stephanie.Elo@gmail.com,police officer
715,Priscilla,Stevy,Priscilla.Stevy@yopmail.com,Priscilla.Stevy@gmail.com,worker
716,Vita,Doig,Vita.Doig@yopmail.com,Vita.Doig@gmail.com,doctor
717,Jany,Kylander,Jany.Kylander@yopmail.com,Jany.Kylander@gmail.com,firefighter
718,Andeee,Bertold,Andeee.Bertold@yopmail.com,Andeee.Bertold@gmail.com,police officer
719,Margette,Rugen,Margette.Rugen@yopmail.com,Margette.Rugen@gmail.com,worker
720,Lynea,Kauppi,Lynea.Kauppi@yopmail.com,Lynea.Kauppi@gmail.com,doctor
721,Fanny,Albertine,Fanny.Albertine@yopmail.com,Fanny.Albertine@gmail.com,firefighter
722,Gisela,Alisia,Gisela.Alisia@yopmail.com,Gisela.Alisia@gmail.com,developer
723,Mamie,Waldron,Mamie.Waldron@yopmail.com,Mamie.Waldron@gmail.com,firefighter
724,Marjie,Isacco,Marjie.Isacco@yopmail.com,Marjie.Isacco@gmail.com,firefighter
725,Cyb,Diann,Cyb.Diann@yopmail.com,Cyb.Diann@gmail.com,developer
726,Annabela,Nea,Annabela.Nea@yopmail.com,Annabela.Nea@gmail.com,doctor
727,Annice,Shama,Annice.Shama@yopmail.com,Annice.Shama@gmail.com,police officer
728,Eugine,Wiener,Eugine.Wiener@yopmail.com,Eugine.Wiener@gmail.com,doctor
729,Kaja,Cadmar,Kaja.Cadmar@yopmail.com,Kaja.Cadmar@gmail.com,police officer
730,Agnese,Vorster,Agnese.Vorster@yopmail.com,Agnese.Vorster@gmail.com,firefighter
731,Wanda,Wenda,Wanda.Wenda@yopmail.com,Wanda.Wenda@gmail.com,developer
732,Imojean,Audly,Imojean.Audly@yopmail.com,Imojean.Audly@gmail.com,doctor
733,Ebonee,Socha,Ebonee.Socha@yopmail.com,Ebonee.Socha@gmail.com,police officer
734,Nanete,Riordan,Nanete.Riordan@yopmail.com,Nanete.Riordan@gmail.com,doctor
735,Sharlene,Matthew,Sharlene.Matthew@yopmail.com,Sharlene.Matthew@gmail.com,police officer
736,Alameda,Gaspard,Alameda.Gaspard@yopmail.com,Alameda.Gaspard@gmail.com,developer
737,Katuscha,Ledah,Katuscha.Ledah@yopmail.com,Katuscha.Ledah@gmail.com,firefighter
738,Oona,Anis,Oona.Anis@yopmail.com,Oona.Anis@gmail.com,worker
739,Kathi,Amand,Kathi.Amand@yopmail.com,Kathi.Amand@gmail.com,doctor
740,Sarette,Zenas,Sarette.Zenas@yopmail.com,Sarette.Zenas@gmail.com,firefighter
741,Lucy,Silvan,Lucy.Silvan@yopmail.com,Lucy.Silvan@gmail.com,police officer
742,Briney,Maples,Briney.Maples@yopmail.com,Briney.Maples@gmail.com,worker
743,Rosanne,Fosque,Rosanne.Fosque@yopmail.com,Rosanne.Fosque@gmail.com,doctor
744,Reeba,Stanwood,Reeba.Stanwood@yopmail.com,Reeba.Stanwood@gmail.com,firefighter
745,Cristabel,Adrienne,Cristabel.Adrienne@yopmail.com,Cristabel.Adrienne@gmail.com,firefighter
746,Steffane,Fry,Steffane.Fry@yopmail.com,Steffane.Fry@gmail.com,developer
747,Kerrin,Bartlett,Kerrin.Bartlett@yopmail.com,Kerrin.Bartlett@gmail.com,worker
748,Cassandra,Dulciana,Cassandra.Dulciana@yopmail.com,Cassandra.Dulciana@gmail.com,developer
749,Sarette,Hewitt,Sarette.Hewitt@yopmail.com,Sarette.Hewitt@gmail.com,firefighter
750,Margette,Glovsky,Margette.Glovsky@yopmail.com,Margette.Glovsky@gmail.com,doctor
751,Brietta,Mauer,Brietta.Mauer@yopmail.com,Brietta.Mauer@gmail.com,police officer
752,Candy,Tomasina,Candy.Tomasina@yopmail.com,Candy.Tomasina@gmail.com,doctor
753,Elena,Durante,Elena.Durante@yopmail.com,Elena.Durante@gmail.com,police officer
754,Lynnea,Waite,Lynnea.Waite@yopmail.com,Lynnea.Waite@gmail.com,doctor
755,Tami,Hieronymus,Tami.Hieronymus@yopmail.com,Tami.Hieronymus@gmail.com,doctor
756,Jinny,O'Carroll,Jinny.O'Carroll@yopmail.com,Jinny.O'Carroll@gmail.com,doctor
757,Bettine,Flita,Bettine.Flita@yopmail.com,Bettine.Flita@gmail.com,developer
758,Audrie,Faust,Audrie.Faust@yopmail.com,Audrie.Faust@gmail.com,police officer
759,Christal,Docilla,Christal.Docilla@yopmail.com,Christal.Docilla@gmail.com,doctor
760,Kathy,Ilka,Kathy.Ilka@yopmail.com,Kathy.Ilka@gmail.com,firefighter
761,Elena,Bashemeth,Elena.Bashemeth@yopmail.com,Elena.Bashemeth@gmail.com,police officer
762,Phylis,Sacken,Phylis.Sacken@yopmail.com,Phylis.Sacken@gmail.com,worker
763,Iseabal,Autrey,Iseabal.Autrey@yopmail.com,Iseabal.Autrey@gmail.com,police officer
764,Nikki,Sheng,Nikki.Sheng@yopmail.com,Nikki.Sheng@gmail.com,firefighter
765,Vinita,Ludewig,Vinita.Ludewig@yopmail.com,Vinita.Ludewig@gmail.com,firefighter
766,Ardeen,Means,Ardeen.Means@yopmail.com,Ardeen.Means@gmail.com,doctor
767,Paule,Gualtiero,Paule.Gualtiero@yopmail.com,Paule.Gualtiero@gmail.com,police officer
768,Ilse,Ursulette,Ilse.Ursulette@yopmail.com,Ilse.Ursulette@gmail.com,developer
769,Cindelyn,Teddman,Cindelyn.Teddman@yopmail.com,Cindelyn.Teddman@gmail.com,developer
770,Cyb,Sinegold,Cyb.Sinegold@yopmail.com,Cyb.Sinegold@gmail.com,doctor
771,Kerrin,Eno,Kerrin.Eno@yopmail.com,Kerrin.Eno@gmail.com,worker
772,Karly,Tengdin,Karly.Tengdin@yopmail.com,Karly.Tengdin@gmail.com,worker
773,Allis,Philoo,Allis.Philoo@yopmail.com,Allis.Philoo@gmail.com,police officer
774,Ileana,Reidar,Ileana.Reidar@yopmail.com,Ileana.Reidar@gmail.com,developer
775,Lisette,Sherrie,Lisette.Sherrie@yopmail.com,Lisette.Sherrie@gmail.com,developer
776,Britni,Garbe,Britni.Garbe@yopmail.com,Britni.Garbe@gmail.com,police officer
777,Kenna,Boycey,Kenna.Boycey@yopmail.com,Kenna.Boycey@gmail.com,doctor
778,Carilyn,Tybald,Carilyn.Tybald@yopmail.com,Carilyn.Tybald@gmail.com,doctor
779,Helena,Calhoun,Helena.Calhoun@yopmail.com,Helena.Calhoun@gmail.com,worker
780,Shauna,Read,Shauna.Read@yopmail.com,Shauna.Read@gmail.com,doctor
781,Halette,Ursulette,Halette.Ursulette@yopmail.com,Halette.Ursulette@gmail.com,police officer
782,Selma,Kylander,Selma.Kylander@yopmail.com,Selma.Kylander@gmail.com,developer
783,Asia,Roscoe,Asia.Roscoe@yopmail.com,Asia.Roscoe@gmail.com,developer
784,Jaclyn,Jotham,Jaclyn.Jotham@yopmail.com,Jaclyn.Jotham@gmail.com,worker
785,Nelle,Pattin,Nelle.Pattin@yopmail.com,Nelle.Pattin@gmail.com,worker
786,Gale,Nicoline,Gale.Nicoline@yopmail.com,Gale.Nicoline@gmail.com,developer
787,Siana,Tiffa,Siana.Tiffa@yopmail.com,Siana.Tiffa@gmail.com,developer
788,Selma,Gaal,Selma.Gaal@yopmail.com,Selma.Gaal@gmail.com,police officer
789,Joceline,Rosette,Joceline.Rosette@yopmail.com,Joceline.Rosette@gmail.com,firefighter
790,Collen,Peti,Collen.Peti@yopmail.com,Collen.Peti@gmail.com,worker
791,Britni,Rolf,Britni.Rolf@yopmail.com,Britni.Rolf@gmail.com,firefighter
792,Jordan,Winnick,Jordan.Winnick@yopmail.com,Jordan.Winnick@gmail.com,worker
793,Marcelline,Hazlett,Marcelline.Hazlett@yopmail.com,Marcelline.Hazlett@gmail.com,developer
794,Latisha,Dudley,Latisha.Dudley@yopmail.com,Latisha.Dudley@gmail.com,worker
795,Blake,Afton,Blake.Afton@yopmail.com,Blake.Afton@gmail.com,police officer
796,Jillayne,Gamaliel,Jillayne.Gamaliel@yopmail.com,Jillayne.Gamaliel@gmail.com,doctor
797,Dorene,Tillford,Dorene.Tillford@yopmail.com,Dorene.Tillford@gmail.com,firefighter
798,Robbi,Ophelia,Robbi.Ophelia@yopmail.com,Robbi.Ophelia@gmail.com,firefighter
799,Lorenza,Melan,Lorenza.Melan@yopmail.com,Lorenza.Melan@gmail.com,worker
800,Larine,Daniele,Larine.Daniele@yopmail.com,Larine.Daniele@gmail.com,doctor
801,Cam,Poppy,Cam.Poppy@yopmail.com,Cam.Poppy@gmail.com,police officer
802,Helena,Roche,Helena.Roche@yopmail.com,Helena.Roche@gmail.com,worker
803,Quintina,Ogren,Quintina.Ogren@yopmail.com,Quintina.Ogren@gmail.com,firefighter
804,Gertrud,Hanshaw,Gertrud.Hanshaw@yopmail.com,Gertrud.Hanshaw@gmail.com,doctor
805,Ninnetta,Bultman,Ninnetta.Bultman@yopmail.com,Ninnetta.Bultman@gmail.com,worker
806,Sallie,Teddman,Sallie.Teddman@yopmail.com,Sallie.Teddman@gmail.com,developer
807,Kaja,Kirstin,Kaja.Kirstin@yopmail.com,Kaja.Kirstin@gmail.com,police officer
808,Dari,Alejoa,Dari.Alejoa@yopmail.com,Dari.Alejoa@gmail.com,doctor
809,Kaia,Doig,Kaia.Doig@yopmail.com,Kaia.Doig@gmail.com,doctor
810,Melisent,Edvard,Melisent.Edvard@yopmail.com,Melisent.Edvard@gmail.com,developer
811,Lelah,Kress,Lelah.Kress@yopmail.com,Lelah.Kress@gmail.com,doctor
812,Zaria,Kannry,Zaria.Kannry@yopmail.com,Zaria.Kannry@gmail.com,firefighter
813,Jordan,Jagir,Jordan.Jagir@yopmail.com,Jordan.Jagir@gmail.com,firefighter
814,Sadie,Leary,Sadie.Leary@yopmail.com,Sadie.Leary@gmail.com,developer
815,Sue,Sparhawk,Sue.Sparhawk@yopmail.com,Sue.Sparhawk@gmail.com,developer
816,Deane,Isidore,Deane.Isidore@yopmail.com,Deane.Isidore@gmail.com,firefighter
817,Tobe,Stilwell,Tobe.Stilwell@yopmail.com,Tobe.Stilwell@gmail.com,doctor
818,Marti,Havens,Marti.Havens@yopmail.com,Marti.Havens@gmail.com,developer
819,Dorene,Madaih,Dorene.Madaih@yopmail.com,Dorene.Madaih@gmail.com,firefighter
820,Fidelia,Publia,Fidelia.Publia@yopmail.com,Fidelia.Publia@gmail.com,developer
821,Dorice,Tice,Dorice.Tice@yopmail.com,Dorice.Tice@gmail.com,doctor
822,Dania,Miru,Dania.Miru@yopmail.com,Dania.Miru@gmail.com,firefighter
823,Daryl,Baudin,Daryl.Baudin@yopmail.com,Daryl.Baudin@gmail.com,worker
824,Helena,Natalia,Helena.Natalia@yopmail.com,Helena.Natalia@gmail.com,developer
825,Dari,Han,Dari.Han@yopmail.com,Dari.Han@gmail.com,doctor
826,Catharine,Stacy,Catharine.Stacy@yopmail.com,Catharine.Stacy@gmail.com,police officer
827,Taffy,Eldrid,Taffy.Eldrid@yopmail.com,Taffy.Eldrid@gmail.com,developer
828,Andeee,Berard,Andeee.Berard@yopmail.com,Andeee.Berard@gmail.com,developer
829,Carmencita,Sparhawk,Carmencita.Sparhawk@yopmail.com,Carmencita.Sparhawk@gmail.com,worker
830,Ada,Timon,Ada.Timon@yopmail.com,Ada.Timon@gmail.com,worker
831,Jenda,Lory,Jenda.Lory@yopmail.com,Jenda.Lory@gmail.com,police officer
832,Brianna,Eliathas,Brianna.Eliathas@yopmail.com,Brianna.Eliathas@gmail.com,doctor
833,Constance,Berne,Constance.Berne@yopmail.com,Constance.Berne@gmail.com,worker
834,Vita,Morehouse,Vita.Morehouse@yopmail.com,Vita.Morehouse@gmail.com,developer
835,Sashenka,Merna,Sashenka.Merna@yopmail.com,Sashenka.Merna@gmail.com,worker
836,Dyann,Lindemann,Dyann.Lindemann@yopmail.com,Dyann.Lindemann@gmail.com,developer
837,Carilyn,Cherianne,Carilyn.Cherianne@yopmail.com,Carilyn.Cherianne@gmail.com,worker
838,Nariko,Alfons,Nariko.Alfons@yopmail.com,Nariko.Alfons@gmail.com,developer
839,Aurore,Beniamino,Aurore.Beniamino@yopmail.com,Aurore.Beniamino@gmail.com,developer
840,Farrah,Cynar,Farrah.Cynar@yopmail.com,Farrah.Cynar@gmail.com,firefighter
841,Gerianna,Konyn,Gerianna.Konyn@yopmail.com,Gerianna.Konyn@gmail.com,developer
842,Jaclyn,Maples,Jaclyn.Maples@yopmail.com,Jaclyn.Maples@gmail.com,police officer
843,Carolina,Ledah,Carolina.Ledah@yopmail.com,Carolina.Ledah@gmail.com,developer
844,Rori,Riva,Rori.Riva@yopmail.com,Rori.Riva@gmail.com,developer
845,Gusty,Pond,Gusty.Pond@yopmail.com,Gusty.Pond@gmail.com,firefighter
846,Sheelagh,Kinnard,Sheelagh.Kinnard@yopmail.com,Sheelagh.Kinnard@gmail.com,police officer
847,Annecorinne,Mike,Annecorinne.Mike@yopmail.com,Annecorinne.Mike@gmail.com,developer
848,Melanie,Shama,Melanie.Shama@yopmail.com,Melanie.Shama@gmail.com,developer
849,Doro,Presber,Doro.Presber@yopmail.com,Doro.Presber@gmail.com,police officer
850,Shell,Avi,Shell.Avi@yopmail.com,Shell.Avi@gmail.com,firefighter
851,Melina,Screens,Melina.Screens@yopmail.com,Melina.Screens@gmail.com,developer
852,Leontine,Erich,Leontine.Erich@yopmail.com,Leontine.Erich@gmail.com,worker
853,Harrietta,Wu,Harrietta.Wu@yopmail.com,Harrietta.Wu@gmail.com,worker
854,Dorothy,Artie,Dorothy.Artie@yopmail.com,Dorothy.Artie@gmail.com,police officer
855,Diena,Rubie,Diena.Rubie@yopmail.com,Diena.Rubie@gmail.com,developer
856,Consuela,Keelia,Consuela.Keelia@yopmail.com,Consuela.Keelia@gmail.com,firefighter
857,Krystle,Sharl,Krystle.Sharl@yopmail.com,Krystle.Sharl@gmail.com,firefighter
858,Trudie,Michella,Trudie.Michella@yopmail.com,Trudie.Michella@gmail.com,doctor
859,Hildegaard,Natica,Hildegaard.Natica@yopmail.com,Hildegaard.Natica@gmail.com,police officer
860,Berta,Georgy,Berta.Georgy@yopmail.com,Berta.Georgy@gmail.com,police officer
861,Caressa,Bach,Caressa.Bach@yopmail.com,Caressa.Bach@gmail.com,firefighter
862,Winny,Jarib,Winny.Jarib@yopmail.com,Winny.Jarib@gmail.com,developer
863,Helena,Klemperer,Helena.Klemperer@yopmail.com,Helena.Klemperer@gmail.com,firefighter
864,Vonny,Gale,Vonny.Gale@yopmail.com,Vonny.Gale@gmail.com,developer
865,Eve,Xerxes,Eve.Xerxes@yopmail.com,Eve.Xerxes@gmail.com,doctor
866,Eadie,Ashely,Eadie.Ashely@yopmail.com,Eadie.Ashely@gmail.com,police officer
867,Desirae,Nunci,Desirae.Nunci@yopmail.com,Desirae.Nunci@gmail.com,worker
868,Mady,Koziara,Mady.Koziara@yopmail.com,Mady.Koziara@gmail.com,developer
869,Leontine,Robertson,Leontine.Robertson@yopmail.com,Leontine.Robertson@gmail.com,police officer
870,Regina,Tippets,Regina.Tippets@yopmail.com,Regina.Tippets@gmail.com,firefighter
871,Konstance,Fadiman,Konstance.Fadiman@yopmail.com,Konstance.Fadiman@gmail.com,police officer
872,Meriel,Korey,Meriel.Korey@yopmail.com,Meriel.Korey@gmail.com,worker
873,Margette,Emerson,Margette.Emerson@yopmail.com,Margette.Emerson@gmail.com,police officer
874,Tami,Janene,Tami.Janene@yopmail.com,Tami.Janene@gmail.com,firefighter
875,Lory,Radu,Lory.Radu@yopmail.com,Lory.Radu@gmail.com,doctor
876,Chastity,Yerkovich,Chastity.Yerkovich@yopmail.com,Chastity.Yerkovich@gmail.com,developer
877,Di,Zaslow,Di.Zaslow@yopmail.com,Di.Zaslow@gmail.com,doctor
878,Lexine,Middleton,Lexine.Middleton@yopmail.com,Lexine.Middleton@gmail.com,firefighter
879,Meghann,Anastatius,Meghann.Anastatius@yopmail.com,Meghann.Anastatius@gmail.com,doctor
880,Carolina,Brackely,Carolina.Brackely@yopmail.com,Carolina.Brackely@gmail.com,developer
881,Deirdre,Hathaway,Deirdre.Hathaway@yopmail.com,Deirdre.Hathaway@gmail.com,worker
882,Lanae,Eliathas,Lanae.Eliathas@yopmail.com,Lanae.Eliathas@gmail.com,developer
883,Raf,Hewitt,Raf.Hewitt@yopmail.com,Raf.Hewitt@gmail.com,developer
884,Roslyn,Rubie,Roslyn.Rubie@yopmail.com,Roslyn.Rubie@gmail.com,doctor
885,Fanny,Noelyn,Fanny.Noelyn@yopmail.com,Fanny.Noelyn@gmail.com,firefighter
886,Lauryn,Cecile,Lauryn.Cecile@yopmail.com,Lauryn.Cecile@gmail.com,developer
887,Aaren,Artie,Aaren.Artie@yopmail.com,Aaren.Artie@gmail.com,firefighter
888,Jean,Frendel,Jean.Frendel@yopmail.com,Jean.Frendel@gmail.com,firefighter
889,Karlee,Fillbert,Karlee.Fillbert@yopmail.com,Karlee.Fillbert@gmail.com,police officer
890,Dania,Drus,Dania.Drus@yopmail.com,Dania.Drus@gmail.com,developer
891,Ricky,Herrera,Ricky.Herrera@yopmail.com,Ricky.Herrera@gmail.com,developer
892,Madalyn,Cleo,Madalyn.Cleo@yopmail.com,Madalyn.Cleo@gmail.com,doctor
893,Noelle,Kinnard,Noelle.Kinnard@yopmail.com,Noelle.Kinnard@gmail.com,firefighter
894,Clary,Behre,Clary.Behre@yopmail.com,Clary.Behre@gmail.com,firefighter
895,Lenna,Martsen,Lenna.Martsen@yopmail.com,Lenna.Martsen@gmail.com,doctor
896,Annora,Barrus,Annora.Barrus@yopmail.com,Annora.Barrus@gmail.com,police officer
897,Wendi,Buttaro,Wendi.Buttaro@yopmail.com,Wendi.Buttaro@gmail.com,police officer
898,Kittie,Hailee,Kittie.Hailee@yopmail.com,Kittie.Hailee@gmail.com,doctor
899,Florie,Darbie,Florie.Darbie@yopmail.com,Florie.Darbie@gmail.com,police officer
900,Christian,Cleo,Christian.Cleo@yopmail.com,Christian.Cleo@gmail.com,worker
901,Dale,Anton,Dale.Anton@yopmail.com,Dale.Anton@gmail.com,police officer
902,Carly,Dulciana,Carly.Dulciana@yopmail.com,Carly.Dulciana@gmail.com,developer
903,Donnie,Martguerita,Donnie.Martguerita@yopmail.com,Donnie.Martguerita@gmail.com,firefighter
904,Flo,Cath,Flo.Cath@yopmail.com,Flo.Cath@gmail.com,developer
905,Fayre,Ursulette,Fayre.Ursulette@yopmail.com,Fayre.Ursulette@gmail.com,developer
906,Maurene,Helfand,Maurene.Helfand@yopmail.com,Maurene.Helfand@gmail.com,doctor
907,Adelle,Isidore,Adelle.Isidore@yopmail.com,Adelle.Isidore@gmail.com,developer
908,Lita,Marcellus,Lita.Marcellus@yopmail.com,Lita.Marcellus@gmail.com,police officer
909,Jacquetta,Sothena,Jacquetta.Sothena@yopmail.com,Jacquetta.Sothena@gmail.com,developer
910,Riannon,Prouty,Riannon.Prouty@yopmail.com,Riannon.Prouty@gmail.com,worker
911,Felice,Barney,Felice.Barney@yopmail.com,Felice.Barney@gmail.com,worker
912,Jenilee,Ramona,Jenilee.Ramona@yopmail.com,Jenilee.Ramona@gmail.com,firefighter
913,Frances,Lissi,Frances.Lissi@yopmail.com,Frances.Lissi@gmail.com,worker
914,Philis,Septima,Philis.Septima@yopmail.com,Philis.Septima@gmail.com,developer
915,Florie,Elo,Florie.Elo@yopmail.com,Florie.Elo@gmail.com,doctor
916,Elise,August,Elise.August@yopmail.com,Elise.August@gmail.com,doctor
917,Mariele,Lewes,Mariele.Lewes@yopmail.com,Mariele.Lewes@gmail.com,firefighter
918,Lyssa,Schalles,Lyssa.Schalles@yopmail.com,Lyssa.Schalles@gmail.com,worker
919,Deedee,Lewes,Deedee.Lewes@yopmail.com,Deedee.Lewes@gmail.com,developer
920,Calla,Hunfredo,Calla.Hunfredo@yopmail.com,Calla.Hunfredo@gmail.com,worker
921,Rhoda,Glenden,Rhoda.Glenden@yopmail.com,Rhoda.Glenden@gmail.com,police officer
922,Edyth,Euridice,Edyth.Euridice@yopmail.com,Edyth.Euridice@gmail.com,doctor
923,Maryellen,Peti,Maryellen.Peti@yopmail.com,Maryellen.Peti@gmail.com,firefighter
924,Vivia,Pacorro,Vivia.Pacorro@yopmail.com,Vivia.Pacorro@gmail.com,police officer
925,Vevay,Ciapas,Vevay.Ciapas@yopmail.com,Vevay.Ciapas@gmail.com,developer
926,Sallie,Zenas,Sallie.Zenas@yopmail.com,Sallie.Zenas@gmail.com,police officer
927,Jenilee,Gamaliel,Jenilee.Gamaliel@yopmail.com,Jenilee.Gamaliel@gmail.com,developer
928,Trudie,Stefa,Trudie.Stefa@yopmail.com,Trudie.Stefa@gmail.com,developer
929,Millie,Corabella,Millie.Corabella@yopmail.com,Millie.Corabella@gmail.com,doctor
930,Sybille,Wadell,Sybille.Wadell@yopmail.com,Sybille.Wadell@gmail.com,doctor
931,Jaime,Kalinda,Jaime.Kalinda@yopmail.com,Jaime.Kalinda@gmail.com,worker
932,Emma,Zina,Emma.Zina@yopmail.com,Emma.Zina@gmail.com,developer
933,Rochette,Johanna,Rochette.Johanna@yopmail.com,Rochette.Johanna@gmail.com,developer
934,Sybille,Marlie,Sybille.Marlie@yopmail.com,Sybille.Marlie@gmail.com,developer
935,Kore,Dalli,Kore.Dalli@yopmail.com,Kore.Dalli@gmail.com,firefighter
936,Emma,Kiersten,Emma.Kiersten@yopmail.com,Emma.Kiersten@gmail.com,firefighter
937,Blake,Braun,Blake.Braun@yopmail.com,Blake.Braun@gmail.com,police officer
938,Jessamyn,Nisbet,Jessamyn.Nisbet@yopmail.com,Jessamyn.Nisbet@gmail.com,firefighter
939,Robbi,Fax,Robbi.Fax@yopmail.com,Robbi.Fax@gmail.com,firefighter
940,Mellicent,Kristi,Mellicent.Kristi@yopmail.com,Mellicent.Kristi@gmail.com,police officer
941,Kate,Alva,Kate.Alva@yopmail.com,Kate.Alva@gmail.com,firefighter
942,Rochette,Firmin,Rochette.Firmin@yopmail.com,Rochette.Firmin@gmail.com,firefighter
943,Gilligan,Jehu,Gilligan.Jehu@yopmail.com,Gilligan.Jehu@gmail.com,worker
944,Bobinette,Leifeste,Bobinette.Leifeste@yopmail.com,Bobinette.Leifeste@gmail.com,doctor
945,Vevay,Kravits,Vevay.Kravits@yopmail.com,Vevay.Kravits@gmail.com,worker
946,Gwyneth,Juliet,Gwyneth.Juliet@yopmail.com,Gwyneth.Juliet@gmail.com,doctor
947,Lynea,Weaks,Lynea.Weaks@yopmail.com,Lynea.Weaks@gmail.com,police officer
948,Shaine,Ellord,Shaine.Ellord@yopmail.com,Shaine.Ellord@gmail.com,doctor
949,Glenda,Graig,Glenda.Graig@yopmail.com,Glenda.Graig@gmail.com,worker
950,Emma,Natica,Emma.Natica@yopmail.com,Emma.Natica@gmail.com,developer
951,Kristina,Chick,Kristina.Chick@yopmail.com,Kristina.Chick@gmail.com,firefighter
952,Yetty,Shuler,Yetty.Shuler@yopmail.com,Yetty.Shuler@gmail.com,doctor
953,Tina,Joni,Tina.Joni@yopmail.com,Tina.Joni@gmail.com,police officer
954,Maisey,Edee,Maisey.Edee@yopmail.com,Maisey.Edee@gmail.com,police officer
955,Henriette,Sawtelle,Henriette.Sawtelle@yopmail.com,Henriette.Sawtelle@gmail.com,firefighter
956,Kimberley,Eldrid,Kimberley.Eldrid@yopmail.com,Kimberley.Eldrid@gmail.com,developer
957,Glynnis,Kazimir,Glynnis.Kazimir@yopmail.com,Glynnis.Kazimir@gmail.com,firefighter
958,Therine,Tatianas,Therine.Tatianas@yopmail.com,Therine.Tatianas@gmail.com,developer
959,Justinn,Dahlia,Justinn.Dahlia@yopmail.com,Justinn.Dahlia@gmail.com,developer
960,Sandie,Avi,Sandie.Avi@yopmail.com,Sandie.Avi@gmail.com,firefighter
961,Devina,Camden,Devina.Camden@yopmail.com,Devina.Camden@gmail.com,worker
962,Miquela,Dash,Miquela.Dash@yopmail.com,Miquela.Dash@gmail.com,developer
963,Xylina,Cath,Xylina.Cath@yopmail.com,Xylina.Cath@gmail.com,doctor
964,Binny,Maroney,Binny.Maroney@yopmail.com,Binny.Maroney@gmail.com,worker
965,Rhea,Sadowski,Rhea.Sadowski@yopmail.com,Rhea.Sadowski@gmail.com,doctor
966,Cam,Belldas,Cam.Belldas@yopmail.com,Cam.Belldas@gmail.com,firefighter
967,Agnese,Hourigan,Agnese.Hourigan@yopmail.com,Agnese.Hourigan@gmail.com,firefighter
968,Dede,Lissi,Dede.Lissi@yopmail.com,Dede.Lissi@gmail.com,developer
969,Selia,Holbrook,Selia.Holbrook@yopmail.com,Selia.Holbrook@gmail.com,police officer
970,Jessy,Argus,Jessy.Argus@yopmail.com,Jessy.Argus@gmail.com,developer
971,Justinn,Yusuk,Justinn.Yusuk@yopmail.com,Justinn.Yusuk@gmail.com,worker
972,Kelly,Ingra,Kelly.Ingra@yopmail.com,Kelly.Ingra@gmail.com,worker
973,Vonny,Beniamino,Vonny.Beniamino@yopmail.com,Vonny.Beniamino@gmail.com,firefighter
974,Hayley,Ailyn,Hayley.Ailyn@yopmail.com,Hayley.Ailyn@gmail.com,doctor
975,Orelia,Parsaye,Orelia.Parsaye@yopmail.com,Orelia.Parsaye@gmail.com,worker
976,Dagmar,Whiffen,Dagmar.Whiffen@yopmail.com,Dagmar.Whiffen@gmail.com,police officer
977,Georgina,Lanita,Georgina.Lanita@yopmail.com,Georgina.Lanita@gmail.com,firefighter
978,Bill,Letsou,Bill.Letsou@yopmail.com,Bill.Letsou@gmail.com,doctor
979,Fanny,Dannye,Fanny.Dannye@yopmail.com,Fanny.Dannye@gmail.com,police officer
980,Gwenneth,Krystle,Gwenneth.Krystle@yopmail.com,Gwenneth.Krystle@gmail.com,worker
981,Lorie,Schalles,Lorie.Schalles@yopmail.com,Lorie.Schalles@gmail.com,developer
982,Deirdre,Dawkins,Deirdre.Dawkins@yopmail.com,Deirdre.Dawkins@gmail.com,police officer
983,Nollie,Aprile,Nollie.Aprile@yopmail.com,Nollie.Aprile@gmail.com,firefighter
984,Nataline,Teryn,Nataline.Teryn@yopmail.com,Nataline.Teryn@gmail.com,doctor
985,Amara,Bandeen,Amara.Bandeen@yopmail.com,Amara.Bandeen@gmail.com,police officer
986,Audrie,Anastatius,Audrie.Anastatius@yopmail.com,Audrie.Anastatius@gmail.com,developer
987,Renie,Ummersen,Renie.Ummersen@yopmail.com,Renie.Ummersen@gmail.com,developer
988,Ekaterina,Lenny,Ekaterina.Lenny@yopmail.com,Ekaterina.Lenny@gmail.com,doctor
989,Olivette,Toor,Olivette.Toor@yopmail.com,Olivette.Toor@gmail.com,worker
990,Kayla,Ledah,Kayla.Ledah@yopmail.com,Kayla.Ledah@gmail.com,doctor
991,Belinda,Noelyn,Belinda.Noelyn@yopmail.com,Belinda.Noelyn@gmail.com,worker
992,Dulce,Kiyoshi,Dulce.Kiyoshi@yopmail.com,Dulce.Kiyoshi@gmail.com,doctor
993,Annabela,Lytton,Annabela.Lytton@yopmail.com,Annabela.Lytton@gmail.com,doctor
994,Ernesta,Brady,Ernesta.Brady@yopmail.com,Ernesta.Brady@gmail.com,firefighter
995,Fanchon,Edee,Fanchon.Edee@yopmail.com,Fanchon.Edee@gmail.com,worker
996,Orelia,Hamil,Orelia.Hamil@yopmail.com,Orelia.Hamil@gmail.com,worker
997,Mireielle,Mintz,Mireielle.Mintz@yopmail.com,Mireielle.Mintz@gmail.com,doctor
998,Teriann,Horan,Teriann.Horan@yopmail.com,Teriann.Horan@gmail.com,developer
999,Peri,Ardeha,Peri.Ardeha@yopmail.com,Peri.Ardeha@gmail.com,firefighter
1000,Keelia,Ailyn,Keelia.Ailyn@yopmail.com,Keelia.Ailyn@gmail.com,developer
1001,Thalia,Federica,Thalia.Federica@yopmail.com,Thalia.Federica@gmail.com,firefighter
1002,Tori,Joni,Tori.Joni@yopmail.com,Tori.Joni@gmail.com,firefighter
1003,Candi,Boehike,Candi.Boehike@yopmail.com,Candi.Boehike@gmail.com,developer
1004,Ardenia,Melony,Ardenia.Melony@yopmail.com,Ardenia.Melony@gmail.com,doctor
1005,Marguerite,Ammann,Marguerite.Ammann@yopmail.com,Marguerite.Ammann@gmail.com,police officer
1006,Camile,Woodberry,Camile.Woodberry@yopmail.com,Camile.Woodberry@gmail.com,developer
1007,Sibella,Markman,Sibella.Markman@yopmail.com,Sibella.Markman@gmail.com,worker
1008,Selia,Jefferey,Selia.Jefferey@yopmail.com,Selia.Jefferey@gmail.com,developer
1009,Lonnie,Celestine,Lonnie.Celestine@yopmail.com,Lonnie.Celestine@gmail.com,developer
1010,Asia,Nerita,Asia.Nerita@yopmail.com,Asia.Nerita@gmail.com,firefighter
1011,Abbie,Bashemeth,Abbie.Bashemeth@yopmail.com,Abbie.Bashemeth@gmail.com,worker
1012,Maud,Ader,Maud.Ader@yopmail.com,Maud.Ader@gmail.com,doctor
1013,Verla,Thilda,Verla.Thilda@yopmail.com,Verla.Thilda@gmail.com,police officer
1014,Randa,Wind,Randa.Wind@yopmail.com,Randa.Wind@gmail.com,doctor
1015,Susan,Francyne,Susan.Francyne@yopmail.com,Susan.Francyne@gmail.com,doctor
1016,Adelle,Hutchison,Adelle.Hutchison@yopmail.com,Adelle.Hutchison@gmail.com,developer
1017,Clary,Ehrman,Clary.Ehrman@yopmail.com,Clary.Ehrman@gmail.com,developer
1018,Daune,Lorenz,Daune.Lorenz@yopmail.com,Daune.Lorenz@gmail.com,firefighter
1019,Livvyy,Anton,Livvyy.Anton@yopmail.com,Livvyy.Anton@gmail.com,developer
1020,Jere,Atonsah,Jere.Atonsah@yopmail.com,Jere.Atonsah@gmail.com,doctor
1021,Karina,Havens,Karina.Havens@yopmail.com,Karina.Havens@gmail.com,developer
1022,Aimil,Loring,Aimil.Loring@yopmail.com,Aimil.Loring@gmail.com,police officer
1023,Annecorinne,Katrine,Annecorinne.Katrine@yopmail.com,Annecorinne.Katrine@gmail.com,police officer
1024,Jan,Lanita,Jan.Lanita@yopmail.com,Jan.Lanita@gmail.com,doctor
1025,Tani,Koziara,Tani.Koziara@yopmail.com,Tani.Koziara@gmail.com,worker
1026,Fredericka,Durante,Fredericka.Durante@yopmail.com,Fredericka.Durante@gmail.com,doctor
1027,Gabriellia,Wesle,Gabriellia.Wesle@yopmail.com,Gabriellia.Wesle@gmail.com,doctor
1028,Livvyy,Kesley,Livvyy.Kesley@yopmail.com,Livvyy.Kesley@gmail.com,doctor
1029,Starla,Bouchard,Starla.Bouchard@yopmail.com,Starla.Bouchard@gmail.com,police officer
1030,Nollie,Liva,Nollie.Liva@yopmail.com,Nollie.Liva@gmail.com,worker
1031,Felice,Suzetta,Felice.Suzetta@yopmail.com,Felice.Suzetta@gmail.com,doctor
1032,Natka,Naashom,Natka.Naashom@yopmail.com,Natka.Naashom@gmail.com,firefighter
1033,Celestyna,Iaverne,Celestyna.Iaverne@yopmail.com,Celestyna.Iaverne@gmail.com,doctor
1034,Amara,Vilma,Amara.Vilma@yopmail.com,Amara.Vilma@gmail.com,worker
1035,Sadie,Kress,Sadie.Kress@yopmail.com,Sadie.Kress@gmail.com,firefighter
1036,Devina,Irmine,Devina.Irmine@yopmail.com,Devina.Irmine@gmail.com,firefighter
1037,Donetta,Couture,Donetta.Couture@yopmail.com,Donetta.Couture@gmail.com,firefighter
1038,Grier,Regan,Grier.Regan@yopmail.com,Grier.Regan@gmail.com,developer
1039,Valeda,Winnick,Valeda.Winnick@yopmail.com,Valeda.Winnick@gmail.com,police officer
1040,Benita,Allys,Benita.Allys@yopmail.com,Benita.Allys@gmail.com,worker
1041,Agnese,Dorine,Agnese.Dorine@yopmail.com,Agnese.Dorine@gmail.com,developer
1042,Fidelia,Flita,Fidelia.Flita@yopmail.com,Fidelia.Flita@gmail.com,doctor
1043,Alisha,Mullane,Alisha.Mullane@yopmail.com,Alisha.Mullane@gmail.com,firefighter
1044,Iseabal,Tybald,Iseabal.Tybald@yopmail.com,Iseabal.Tybald@gmail.com,worker
1045,Lanna,Wilkinson,Lanna.Wilkinson@yopmail.com,Lanna.Wilkinson@gmail.com,doctor
1046,Reeba,Yoko,Reeba.Yoko@yopmail.com,Reeba.Yoko@gmail.com,worker
1047,Hildegaard,Havens,Hildegaard.Havens@yopmail.com,Hildegaard.Havens@gmail.com,doctor
1048,Elyssa,Eachern,Elyssa.Eachern@yopmail.com,Elyssa.Eachern@gmail.com,doctor
1049,Blondelle,Michella,Blondelle.Michella@yopmail.com,Blondelle.Michella@gmail.com,developer
1050,Violet,Quinn,Violet.Quinn@yopmail.com,Violet.Quinn@gmail.com,doctor
1051,Coral,Stevy,Coral.Stevy@yopmail.com,Coral.Stevy@gmail.com,doctor
1052,Jerry,Kosey,Jerry.Kosey@yopmail.com,Jerry.Kosey@gmail.com,developer
1053,Madelle,Yam,Madelle.Yam@yopmail.com,Madelle.Yam@gmail.com,doctor
1054,Cyb,Germann,Cyb.Germann@yopmail.com,Cyb.Germann@gmail.com,developer
1055,Almeta,Maisey,Almeta.Maisey@yopmail.com,Almeta.Maisey@gmail.com,worker
1056,Asia,Reinke,Asia.Reinke@yopmail.com,Asia.Reinke@gmail.com,firefighter
1057,Willetta,Norrie,Willetta.Norrie@yopmail.com,Willetta.Norrie@gmail.com,developer
1058,Gale,Colyer,Gale.Colyer@yopmail.com,Gale.Colyer@gmail.com,worker
1059,Chrystel,Konyn,Chrystel.Konyn@yopmail.com,Chrystel.Konyn@gmail.com,developer
1060,Edyth,Riordan,Edyth.Riordan@yopmail.com,Edyth.Riordan@gmail.com,doctor
1061,Leia,Blase,Leia.Blase@yopmail.com,Leia.Blase@gmail.com,developer
1062,Dorice,Liebermann,Dorice.Liebermann@yopmail.com,Dorice.Liebermann@gmail.com,firefighter
1063,Zaria,Slifka,Zaria.Slifka@yopmail.com,Zaria.Slifka@gmail.com,doctor
1064,Mariele,Afton,Mariele.Afton@yopmail.com,Mariele.Afton@gmail.com,worker
1065,Coral,Sinegold,Coral.Sinegold@yopmail.com,Coral.Sinegold@gmail.com,developer
1066,Marnia,Anderea,Marnia.Anderea@yopmail.com,Marnia.Anderea@gmail.com,worker
1067,Vonny,Harned,Vonny.Harned@yopmail.com,Vonny.Harned@gmail.com,doctor
1068,Janis,Artie,Janis.Artie@yopmail.com,Janis.Artie@gmail.com,developer
1069,Pollyanna,Chobot,Pollyanna.Chobot@yopmail.com,Pollyanna.Chobot@gmail.com,doctor
1070,Ardeen,Connelly,Ardeen.Connelly@yopmail.com,Ardeen.Connelly@gmail.com,worker
1071,Emylee,Mintz,Emylee.Mintz@yopmail.com,Emylee.Mintz@gmail.com,developer
1072,Fred,Bethany,Fred.Bethany@yopmail.com,Fred.Bethany@gmail.com,doctor
1073,Celisse,Wallis,Celisse.Wallis@yopmail.com,Celisse.Wallis@gmail.com,doctor
1074,Heddie,Schonfeld,Heddie.Schonfeld@yopmail.com,Heddie.Schonfeld@gmail.com,worker
1075,Janenna,Vacuva,Janenna.Vacuva@yopmail.com,Janenna.Vacuva@gmail.com,doctor
1076,Gilligan,Ellerey,Gilligan.Ellerey@yopmail.com,Gilligan.Ellerey@gmail.com,police officer
1077,Rhea,Jillane,Rhea.Jillane@yopmail.com,Rhea.Jillane@gmail.com,worker
1078,Moyna,Bahr,Moyna.Bahr@yopmail.com,Moyna.Bahr@gmail.com,police officer
1079,Catharine,Alrich,Catharine.Alrich@yopmail.com,Catharine.Alrich@gmail.com,police officer
1080,Philis,Sholley,Philis.Sholley@yopmail.com,Philis.Sholley@gmail.com,doctor
1081,Jere,Karylin,Jere.Karylin@yopmail.com,Jere.Karylin@gmail.com,firefighter
1082,Vevay,Rozanna,Vevay.Rozanna@yopmail.com,Vevay.Rozanna@gmail.com,police officer
1083,Gerianna,Kesley,Gerianna.Kesley@yopmail.com,Gerianna.Kesley@gmail.com,firefighter
1084,Wilma,Elephus,Wilma.Elephus@yopmail.com,Wilma.Elephus@gmail.com,firefighter
1085,Mara,Suk,Mara.Suk@yopmail.com,Mara.Suk@gmail.com,doctor
1086,Daune,Naor,Daune.Naor@yopmail.com,Daune.Naor@gmail.com,developer
1087,Corene,Gerge,Corene.Gerge@yopmail.com,Corene.Gerge@gmail.com,doctor
1088,Molli,Baylor,Molli.Baylor@yopmail.com,Molli.Baylor@gmail.com,police officer
1089,Nita,Cimbura,Nita.Cimbura@yopmail.com,Nita.Cimbura@gmail.com,developer
1090,Letizia,Dahlia,Letizia.Dahlia@yopmail.com,Letizia.Dahlia@gmail.com,police officer
1091,Lila,Shaver,Lila.Shaver@yopmail.com,Lila.Shaver@gmail.com,developer
1092,Andeee,Noam,Andeee.Noam@yopmail.com,Andeee.Noam@gmail.com,worker
1093,Minda,Sabella,Minda.Sabella@yopmail.com,Minda.Sabella@gmail.com,firefighter
1094,Jordan,Solitta,Jordan.Solitta@yopmail.com,Jordan.Solitta@gmail.com,worker
1095,Valera,Lory,Valera.Lory@yopmail.com,Valera.Lory@gmail.com,firefighter
1096,Tatiania,Schwejda,Tatiania.Schwejda@yopmail.com,Tatiania.Schwejda@gmail.com,police officer
1097,Harmonia,Sperling,Harmonia.Sperling@yopmail.com,Harmonia.Sperling@gmail.com,police officer
1098,Amalie,Arley,Amalie.Arley@yopmail.com,Amalie.Arley@gmail.com,worker
1099,Wileen,Diogenes,Wileen.Diogenes@yopmail.com,Wileen.Diogenes@gmail.com,worker
1001